{"type":"FeatureCollection","features":[{"type":"Feature","properties":{"name":"Ahafo","district_count":6},"geometry":{"type":"Polygon","coordinates":[[[-2.3953,6.6482],[-2.3947,6.612],[-2.3711,6.5945],[-2.3856,6.568],[-2.3749,6.5388],[-2.4237,6.4924],[-2.4514,6.4315],[-2.4207,6.4046],[-2.4305,6.3552],[-2.4859,6.4086],[-2.5469,6.4005],[-2.5589,6.4297],[-2.5274,6.462],[-2.6196,6.5252],[-2.6564,6.5294],[-2.6727,6.5098],[-2.6811,6.572],[-2.7273,6.5888],[-2.7798,6.5758],[-2.8321,6.6293],[-2.8064502994599896,6.64108499754541],[-2.8694,6.6382],[-2.8774,6.6538],[-2.8481,6.669],[-2.8659,6.7187],[-2.8375,6.7887],[-2.8659,6.8506],[-2.8489,6.9517],[-2.7668063591527083,7.020984040851758],[-2.7707,7.0217],[-2.7532,7.0785],[-2.6992,7.1065],[-2.684,7.14],[-2.5812,7.1805],[-2.5575,7.2295],[-2.4906,7.2175],[-2.4937,7.1334],[-2.4476,7.1406],[-2.4005,7.1118],[-2.4385,7.0888],[-2.3725,7.1021],[-2.3501,7.1291],[-2.2879839900456242,7.089571630029034],[-2.3034,7.1205],[-2.2884,7.1409],[-2.3501,7.187],[-2.3351,7.228],[-2.2851,7.2267],[-2.2652,7.2775],[-2.1609,7.3286],[-2.1356,7.3955],[-2.0649,7.3195],[-2.047,7.3056],[-2.0014,7.3169],[-1.9621,7.2934],[-1.9499,7.2615],[-1.9122,7.2535],[-1.8597,7.2781],[-1.8272,7.2585],[-1.8689,7.2032],[-1.9329,7.1766],[-1.9536,7.0852],[-2.0039,7.0747],[-2.098,7.0068],[-2.122,7.0022],[-2.1377,7.0204],[-2.117633351953131,7.044855520336714],[-2.1353,7.0282],[-2.1503,7.0396],[-2.1824,7.0168],[-2.1853,7.0362],[-2.2269,7.0075],[-2.289,6.9457],[-2.3315,6.9288],[-2.4166,6.8316],[-2.4009,6.8192],[-2.3453,6.8441],[-2.3346,6.8039],[-2.2597,6.7941],[-2.286,6.7069],[-2.3064,6.6871],[-2.3468,6.6993],[-2.4144,6.6584],[-2.4154407619799807,6.6677184502858715],[-2.4176,6.6569],[-2.3953,6.6482]],[[-2.6296764333275684,7.022555111769284],[-2.6313,7.028],[-2.6913,7.0071],[-2.6296764333275684,7.022555111769284]],[[-2.5493011565836308,6.969918972419929],[-2.5554,6.9758],[-2.6231,7.0005],[-2.5493011565836308,6.969918972419929]],[[-2.4482094323623307,6.930055486831604],[-2.4765,6.9444],[-2.5034072914602725,6.942057482861105],[-2.4482094323623307,6.930055486831604]],[[-2.4199,6.9239],[-2.3283,6.969],[-2.427572506606636,6.925568278359597],[-2.4199,6.9239]],[[-2.2807,6.9942],[-2.253641565001166,7.039658170798042],[-2.2547,7.04],[-2.2818471429469103,6.995049839395877],[-2.2807,6.9942]],[[-2.4921,6.7688],[-2.5157,6.7399],[-2.4901,6.7674],[-2.4476,6.7628],[-2.4921,6.7688]],[[-2.5279425972179914,6.6097985501066105],[-2.5353242606619957,6.604033531962326],[-2.5331,6.6026],[-2.5279425972179914,6.6097985501066105]],[[-2.5003085597479906,6.650590432677831],[-2.502982963808715,6.644636467433153],[-2.5,6.6488],[-2.5003085597479906,6.650590432677831]],[[-2.319966836734694,7.027551436627283],[-2.2874,7.0884],[-2.2876377010481255,7.088876887727802],[-2.3169,7.0491],[-2.319966836734694,7.027551436627283]]]}},{"type":"Feature","properties":{"name":"Ashanti","district_count":43},"geometry":{"type":"Polygon","coordinates":[[[-1.6725,5.9153],[-1.6927,5.9434],[-1.7045,5.9277],[-1.7096,5.9549],[-1.7367,5.9703],[-1.7704,5.9609],[-1.8131,6.0113],[-1.8100493116395495,6.030946433041302],[-1.8382,6.0358],[-1.8674,6.0094],[-1.8831,6.0337],[-1.913,6.0111],[-1.9499,6.057],[-1.9681,6.0524],[-1.9781,6.089],[-1.9731466947445524,6.094448635780992],[-1.9904,6.1248],[-2.0143,6.1132],[-2.0404,6.1979],[-2.0095,6.2916],[-2.1241,6.3012],[-2.1246,6.3368],[-2.170950032133823,6.363877669500217],[-2.2271,6.32],[-2.2154,6.3638],[-2.2399,6.4722],[-2.2626,6.4911],[-2.3374,6.4933],[-2.36,6.4772],[-2.344,6.4337],[-2.3781,6.3495],[-2.3898,6.3343],[-2.3975,6.3516],[-2.4274,6.3483],[-2.4207,6.4046],[-2.4514,6.4315],[-2.4237,6.4924],[-2.3749,6.5388],[-2.3856,6.568],[-2.3711,6.5922],[-2.3947,6.612],[-2.3953,6.6482],[-2.4172,6.6587],[-2.3456,6.6997],[-2.3064,6.6871],[-2.2918281389150326,6.704330241147765],[-2.2931,6.7042],[-2.267,6.7779],[-2.2645120713305897,6.778255418381344],[-2.2661,6.7987],[-2.3346,6.8039],[-2.3466,6.8443],[-2.4178,6.8234],[-2.3763,6.886],[-2.2118,7.0218],[-2.1853,7.0362],[-2.1806,7.017],[-2.1399,7.0416],[-2.1353,7.0282],[-2.121,7.0021],[-2.0813,7.0276],[-1.9536,7.0852],[-1.9329,7.1766],[-1.8689,7.2032],[-1.8272,7.2585],[-1.865,7.2781],[-1.9148,7.2533],[-1.9499,7.2615],[-1.9621,7.2934],[-2.0028,7.3175],[-2.0514,7.3062],[-2.1408,7.4091],[-2.1081,7.4648],[-2.038,7.457],[-2.0185,7.4215],[-1.9645,7.4081],[-1.9271,7.4426],[-1.8979,7.4304],[-1.8635,7.4769],[-1.8564,7.4612],[-1.836,7.471],[-1.8399,7.4251],[-1.8072,7.3485],[-1.7793,7.3509],[-1.7615,7.322],[-1.7285,7.3118],[-1.6422602212806514,7.323612352764454],[-1.641,7.3361],[-1.5766,7.4028],[-1.5155,7.3909],[-1.5202,7.45],[-1.4248,7.5818],[-1.3097,7.6184],[-1.3136,7.5806],[-1.2499,7.4962],[-1.145,7.47],[-1.1504373529411773,7.45375153594771],[-1.144,7.4715],[-1.1048,7.4648],[-1.0701,7.491],[-1.064,7.4156],[-1.0684,7.5016],[-1.0148,7.5348],[-0.9252,7.5037],[-0.8668,7.5207],[-0.785,7.4977],[-0.6891,7.5414],[-0.6845,7.5295],[-0.65,7.502],[-0.6542,7.4307],[-0.5987,7.3486],[-0.5409,7.3545],[-0.362,7.3117],[-0.3244,7.281],[-0.2888,7.2843],[-0.2617,7.2666],[-0.2387,7.2023],[-0.2872,7.1947],[-0.3218,7.1441],[-0.3878,7.1179],[-0.5612,7.1375],[-0.6354,7.1739],[-0.591,7.0444],[-0.5647,7.0186],[-0.5741,6.9633],[-0.6575,6.9472],[-0.6523,6.9295],[-0.742,6.9489],[-0.7583918822821509,6.895380504348778],[-0.7572,6.8448],[-0.7869,6.7938],[-0.8516,6.7779],[-0.9012,6.7883],[-0.9325,6.7562],[-0.9826,6.7484],[-0.9469,6.7248],[-0.9739,6.6811],[-0.9725,6.6456],[-0.9718,6.612],[-0.9236,6.6408],[-0.9117,6.5979],[-1.0006,6.5001],[-1.0103,6.415],[-1.1143,6.3528],[-1.1122,6.3206],[-1.1386,6.2963],[-1.1163,6.2687],[-1.1205,6.209],[-1.1949489814619818,6.199946695656629],[-1.1922,6.1992],[-1.1784,6.1575],[-1.2022,6.1321],[-1.1932,6.1215],[-1.2098826308452986,6.116583271554392],[-1.1901,6.1097],[-1.2469,5.9909],[-1.223,5.9771],[-1.2189,5.942],[-1.2609,5.9154],[-1.2624,5.8908],[-1.2752,5.9029],[-1.3058,5.8876],[-1.3078,5.9261],[-1.3425,5.9108],[-1.3359,5.9269],[-1.377,5.9345],[-1.3799,5.9164],[-1.4187,5.9214],[-1.4208,5.9037],[-1.4555,5.8936],[-1.4665,5.9046],[-1.4617,5.8622],[-1.4759,5.8551],[-1.5218,5.8751],[-1.5005,5.9055],[-1.5433724176437744,5.937159631490787],[-1.5396,5.9311],[-1.581,5.9176],[-1.59,5.9349],[-1.6725,5.9153]],[[-1.6613038327743226,7.245045238367203],[-1.654,7.2451],[-1.6529531388152077,7.2176552608311235],[-1.649058845040378,7.256244171872619],[-1.6613038327743226,7.245045238367203]],[[-1.6412437372735342,6.94116437633791],[-1.6383,6.9736],[-1.6669,7.0457],[-1.6412437372735342,6.94116437633791]],[[-1.6434776983973738,6.913700868893609],[-1.5511,6.9173],[-1.579343017879793,6.927206133136942],[-1.6433460353571259,6.914172083985023],[-1.6434776983973738,6.913700868893609]],[[-1.5458,6.8614],[-1.5436627952590902,6.859900035204774],[-1.5511,6.9173],[-1.5458,6.8614]],[[-1.691797891566265,6.872268373493976],[-1.7008,6.861],[-1.6901300091169034,6.870813412208363],[-1.691797891566265,6.872268373493976]],[[-1.6834,6.7655],[-1.7112,6.7541],[-1.6425,6.7587],[-1.6268,6.7113],[-1.636749772584144,6.757383157231824],[-1.6765,6.7669],[-1.6762561121791248,6.770477021372837],[-1.6834,6.7655]],[[-1.6432,6.7029],[-1.608043628764236,6.7076486093849255],[-1.6059154384274872,6.709957421041767],[-1.6268,6.7113],[-1.6432,6.7029]],[[-1.6638,6.7405],[-1.663,6.7171],[-1.6337,6.669],[-1.6432,6.7029],[-1.6638,6.7405]],[[-1.6872,6.7235],[-1.6879416697129037,6.72080879847032],[-1.663,6.7171],[-1.6872,6.7235]],[[-1.6112,6.6649],[-1.606445978574756,6.66953289986027],[-1.6337,6.669],[-1.6112,6.6649]],[[-1.5986,6.6137],[-1.6089295918367346,6.615064285714285],[-1.5961,6.6087],[-1.594986342968107,6.6047429633122094],[-1.5547771194368942,6.6427107943155],[-1.598,6.6132],[-1.6112,6.6649],[-1.5986,6.6137]],[[-1.595598703762974,6.68010381098258],[-1.6047,6.6903],[-1.5544720449391662,6.700260561825848],[-1.6162,6.6988],[-1.601082122791304,6.674760096897646],[-1.595598703762974,6.68010381098258]],[[-1.522,6.7067],[-1.5556,6.728],[-1.5379475621805723,6.703537484646174],[-1.522,6.7067]],[[-1.511215039159314,6.652498658339116],[-1.5047,6.6641],[-1.522,6.7067],[-1.511215039159314,6.652498658339116]],[[-1.5254,6.7567],[-1.558799369812187,6.728019100715296],[-1.5556,6.728],[-1.5254,6.7567]],[[-1.5438948715424774,6.644099675164878],[-1.5161,6.6438],[-1.5140347963725513,6.647477511722562],[-1.5438948715424774,6.644099675164878]],[[-1.4683,6.6066],[-1.4239207700123204,6.609054603428522],[-1.4788552658958978,6.614814558395971],[-1.4683,6.6066]],[[-1.4231,6.6091],[-1.4058,6.6407],[-1.423352224878316,6.609086049508942],[-1.4231,6.6091]],[[-1.3418,6.5858],[-1.3230287045332376,6.567707185092277],[-1.3455,6.6195],[-1.346848443587501,6.6199740796692375],[-1.3418,6.5858]],[[-1.311076956618465,6.537876707452725],[-1.3104,6.5386],[-1.3108154814055364,6.539557619535837],[-1.311076956618465,6.537876707452725]],[[-1.3441,6.5131],[-1.3429978315393132,6.503770931243472],[-1.3274425040378162,6.520390980660764],[-1.3441,6.5131]],[[-1.3747276765786767,6.478051444253961],[-1.3696011456208734,6.47534668915299],[-1.3635030854265942,6.481862145787946],[-1.3747276765786767,6.478051444253961]],[[-1.4359989740793973,6.473121891262329],[-1.4353,6.4724],[-1.4327185210070754,6.472756381170705],[-1.4359989740793973,6.473121891262329]],[[-1.4614,6.5092],[-1.5485,6.5308],[-1.5486913653422862,6.530645988253055],[-1.4754,6.5121],[-1.4843,6.4679],[-1.4719,6.5102],[-1.4382208313799036,6.475416596343179],[-1.4614,6.5092]],[[-1.5694351536709261,6.226504537647245],[-1.563,6.1966],[-1.5672,6.2263],[-1.5694351536709261,6.226504537647245]],[[-1.6543,6.128],[-1.6472511769834353,6.150197384481255],[-1.6612,6.1192],[-1.604,6.1187],[-1.5776,6.1465],[-1.6126,6.1207],[-1.6543,6.128]],[[-1.5438520349618297,6.106697252999099],[-1.5438,6.1068],[-1.5776,6.1465],[-1.5438520349618297,6.106697252999099]],[[-1.53870053183318,6.0302389497484725],[-1.4851,6.069],[-1.5385005709778772,6.031396694120842],[-1.53870053183318,6.0302389497484725]],[[-1.5523,5.9515],[-1.54616078753777,5.9416385878559455],[-1.548265055603632,5.974861743280421],[-1.5523,5.9515]],[[-2.0549754775545246,6.949105060344401],[-2.0751,6.9242],[-2.0538,6.9456],[-2.0549754775545246,6.949105060344401]],[[-2.0402,6.7711],[-2.0222463488253695,6.780746737944578],[-2.0228,6.7814],[-2.0926680233690367,6.784840021524112],[-2.0402,6.7711]],[[-1.9845936881412465,6.771196664612261],[-1.9919,6.7739],[-1.998693646948385,6.753810215452632],[-1.998,6.7529],[-1.9845936881412465,6.771196664612261]],[[-1.9719,6.7665],[-1.9798813852290582,6.769453112534752],[-1.9524,6.7057],[-1.9719,6.7665]],[[-1.8304,6.6581],[-1.9002927573754316,6.745329081006413],[-1.9022355957259391,6.742116580751407],[-1.8991,6.7423],[-1.8304,6.6581]],[[-1.788222839506173,6.927528410493827],[-1.8041,6.8795],[-1.788,6.9273],[-1.788222839506173,6.927528410493827]],[[-1.8203,6.9559],[-1.7913006993007015,6.930683216783219],[-1.8203214668412906,6.960429503512323],[-1.8203,6.9559]],[[-1.8204858005827589,6.99510392296212],[-1.820460512274172,6.989768089850265],[-1.8085979562227967,6.983393509114994],[-1.8204858005827589,6.99510392296212]],[[-1.7207,6.9371],[-1.730563558052438,6.941460171214555],[-1.7205389400968334,6.936073243117314],[-1.7207,6.9371]],[[-1.6921899109792284,6.653668545994066],[-1.708,6.6677],[-1.7073976863085594,6.669476991774747],[-1.721624667472793,6.662078476420798],[-1.6921899109792284,6.653668545994066]],[[-1.6695,6.6683],[-1.691878869448183,6.653579676985196],[-1.6916,6.6535],[-1.6695,6.6683]],[[-1.6469,6.6339],[-1.6457005977286308,6.633305020920502],[-1.6695,6.6683],[-1.6469,6.6339]],[[-1.596343487670288,6.52897857734092],[-1.590177844707347,6.527080140811416],[-1.6103926436911593,6.582769930168782],[-1.6128,6.5816],[-1.596343487670288,6.52897857734092]],[[-1.7394,6.4473],[-1.7447648792678108,6.47342894902656],[-1.745,6.4733],[-1.7394,6.4473]],[[-1.7889,6.3584],[-1.7846702678535946,6.347104127091364],[-1.7707,6.3901],[-1.7394,6.4473],[-1.7889,6.3584]],[[-1.5742749646757528,6.365224475287746],[-1.5856,6.3976],[-1.5753,6.3659],[-1.5742749646757528,6.365224475287746]],[[-1.6872290277418664,6.259085741853704],[-1.6732,6.236],[-1.6815,6.2926],[-1.6821,6.2622],[-1.6872290277418664,6.259085741853704]],[[-1.9756615063619494,6.521311837019265],[-1.9765,6.5186],[-2.0082,6.5265],[-2.008101715026234,6.52329797901258],[-1.9846,6.519],[-1.9544,6.5054],[-1.9756615063619494,6.521311837019265]],[[-1.9607,6.5697],[-1.9069447743108154,6.591439245683127],[-1.9071,6.5915],[-1.9607,6.5697]],[[-1.9041978497535597,6.590364117424037],[-1.8753,6.572],[-1.8697300970873787,6.576873665048543],[-1.9041978497535597,6.590364117424037]],[[-1.793459897293721,6.521307576950947],[-1.7926,6.568],[-1.817755456417296,6.608248730267674],[-1.8110112203462279,6.57698638597991],[-1.7969,6.5741],[-1.8037,6.5355],[-1.793459897293721,6.521307576950947]],[[-1.7888933280804122,6.5149784722518],[-1.7866,6.5118],[-1.776604665255868,6.518316439015005],[-1.7888933280804122,6.5149784722518]],[[-1.7094532780435603,6.561945392956062],[-1.683,6.5521],[-1.7093,6.5621],[-1.7094532780435603,6.561945392956062]],[[-1.7886809225988924,6.105906756164602],[-1.7888,6.1059],[-1.788833304639752,6.1057264052681415],[-1.7886809225988924,6.105906756164602]],[[-1.7435,6.1098],[-1.73308847955707,6.119901149914821],[-1.7447415956376726,6.1098210439938585],[-1.7435,6.1098]],[[-1.7083683858868588,6.14388433022359],[-1.7185249342912208,6.149199491852111],[-1.7113402175121766,6.141001089784934],[-1.7083683858868588,6.14388433022359]],[[-1.7271189842092858,6.23486524078875],[-1.7712,6.2081],[-1.7646062488397138,6.208180167187359],[-1.7271189842092858,6.23486524078875]],[[-1.8757,6.3275],[-1.8771087248322145,6.324682550335571],[-1.8661504368167288,6.328321683295937],[-1.8757,6.3275]],[[-1.7886051042890465,6.33499399942109],[-1.813875715672167,6.332819613132091],[-1.7913,6.3267],[-1.7886051042890465,6.33499399942109]],[[-2.2505,6.6995],[-2.2443726389026937,6.709189780339926],[-2.290512104791395,6.704465005704042],[-2.2505,6.6995]],[[-2.128179746835443,6.786588476499539],[-2.1406,6.7872],[-2.153097898942747,6.77444669440311],[-2.128179746835443,6.786588476499539]],[[-1.8183679919288545,6.611088087586877],[-1.8167474767569332,6.612611371848483],[-1.8185,6.6117],[-1.8183679919288545,6.611088087586877]],[[-1.7693606541717442,6.63725413551171],[-1.7495,6.6359],[-1.7300069122967234,6.657719423272804],[-1.7693606541717442,6.63725413551171]],[[-1.8089226821325726,7.061752504238771],[-1.8068,7.0647],[-1.809537278663283,7.06633637003032],[-1.8089226821325726,7.061752504238771]],[[-1.8476,7.0243],[-1.840699268596188,7.0176284441778645],[-1.8158130902023548,7.052184680461873],[-1.8476,7.0243]],[[-1.7514652404596964,7.1726548772674485],[-1.755459736867943,7.163596934707904],[-1.7471,7.168],[-1.7514652404596964,7.1726548772674485]],[[-1.7894,7.2134],[-1.7891228097844016,7.213193917963225],[-1.7607,7.2443],[-1.7894,7.2134]],[[-1.5209165445616284,6.347974760486273],[-1.5472707372103192,6.347427993003936],[-1.5404,6.3429],[-1.5209165445616284,6.347974760486273]],[[-1.5189,6.3485],[-1.512426671691161,6.375986747895993],[-1.5125,6.376],[-1.5196196268337845,6.34831256231306],[-1.5189,6.3485]],[[-1.4876,6.3715],[-1.5071152892562079,6.375026859504135],[-1.48771226177483,6.37108678112669],[-1.4876,6.3715]],[[-1.6106,7.1497],[-1.6074,7.1654],[-1.6224,7.131],[-1.6106,7.1497]],[[-1.5562,7.2157],[-1.5680124632970767,7.189903935292054],[-1.5378275300242683,7.225330563564332],[-1.5562,7.2157]],[[-1.4951838772364179,7.247683704395759],[-1.520579912861825,7.234371496745095],[-1.4967,7.2343],[-1.4951838772364179,7.247683704395759]],[[-1.2907708245736977,7.245626465779024],[-1.2883,7.2317],[-1.2855356170981338,7.2309908127633955],[-1.2907708245736977,7.245626465779024]],[[-1.403299134841181,6.920137140032135],[-1.3508,6.9766],[-1.386687444959608,6.94552902791655],[-1.386,6.9447],[-1.403299134841181,6.920137140032135]],[[-1.411467508180425,6.911352048212732],[-1.40424655914604,6.919118184462348],[-1.4098679065920792,6.923651207092014],[-1.411467508180425,6.911352048212732]],[[-1.389154257022265,6.872328729442582],[-1.4125855336066813,6.902755674935294],[-1.4131,6.8988],[-1.389154257022265,6.872328729442582]],[[-1.4626,6.8709],[-1.4401,6.8722],[-1.4459184943279475,6.85513241663802],[-1.4131,6.8988],[-1.4626,6.8709]],[[-1.4661,6.8476],[-1.462162890625,6.8318515625],[-1.4626,6.8709],[-1.4661,6.8476]],[[-1.4825596403828116,6.780332565222214],[-1.4617,6.7905],[-1.461734273671064,6.793561781281711],[-1.4765,6.7935],[-1.4825596403828116,6.780332565222214]],[[-1.493,6.7544],[-1.493074837986042,6.757483325024926],[-1.4944465253563117,6.7545026854419605],[-1.493,6.7544]],[[-1.5265008568164506,6.847855188499619],[-1.525619096548872,6.847236338403566],[-1.525555682900309,6.847335045621239],[-1.5265008568164506,6.847855188499619]],[[-1.5640160892318504,6.728050245308847],[-1.5700750937055707,6.733709880372811],[-1.5767003736073117,6.728125972379745],[-1.5640160892318504,6.728050245308847]],[[-1.6146,6.7753],[-1.6092461102732079,6.755182353753871],[-1.5851016514036342,6.747745986998498],[-1.6146,6.7753]],[[-1.5471,6.8138],[-1.5287175094718939,6.842413469419315],[-1.6146,6.7753],[-1.5471,6.8138]],[[-1.5338,7.1365],[-1.5877186923210864,7.134191836801324],[-1.5875,7.1299],[-1.5338,7.1365]],[[-1.5580058894960533,6.983817547055252],[-1.558261747941735,6.980235528815706],[-1.5563,6.9821],[-1.5580058894960533,6.983817547055252]],[[-1.4304031876548766,6.302021603964857],[-1.4351,6.3048],[-1.4672299024918745,6.290767361863489],[-1.4669,6.2903],[-1.4304031876548766,6.302021603964857]],[[-1.3731071626295324,6.231264835572808],[-1.3855,6.3025],[-1.378,6.2296],[-1.3731071626295324,6.231264835572808]],[[-1.217777134857671,6.253667148856729],[-1.2288,6.2835],[-1.289892096116065,6.361302581230165],[-1.2341,6.2817],[-1.234693367124698,6.280533726685938],[-1.2297,6.2844],[-1.217777134857671,6.253667148856729]],[[-1.2917,6.206],[-1.25,6.2149],[-1.1982604466938056,6.200846176697107],[-1.1985946706427097,6.201750737642689],[-1.2568,6.2204],[-1.2917,6.206]],[[-1.4004,6.1191],[-1.4197,6.0922],[-1.3984094741239095,6.119626659971383],[-1.4004,6.1191]],[[-1.4128996925268595,6.839272811183],[-1.44767826929808,6.8499704100589645],[-1.4491,6.8458],[-1.4287,6.8316],[-1.4128996925268595,6.839272811183]],[[-1.3732029684047862,6.827062431381053],[-1.3729386152317415,6.826890272553056],[-1.373,6.827],[-1.3732029684047862,6.827062431381053]],[[-1.3377,6.7639],[-1.3547,6.7298],[-1.352805870443901,6.728362471455694],[-1.3377,6.7639]],[[-1.24,6.7221],[-1.2413798129624554,6.727435276788161],[-1.2516187904092095,6.700382460122824],[-1.2405,6.7218],[-1.1414,6.6998],[-1.24,6.7221]],[[-1.1357,6.6701],[-1.1331,6.6532],[-1.1018,6.7189],[-1.1332,6.6687],[-1.1414,6.6998],[-1.1357,6.6701]],[[-1.032122635941275,6.721309816019327],[-0.9965,6.6958],[-1.0272,6.7242],[-1.032122635941275,6.721309816019327]],[[-1.2763999791830714,6.41884284576466],[-1.2979,6.4071],[-1.2789,6.5012],[-1.2966,6.4328],[-1.3007037538503976,6.435127502183808],[-1.2976,6.3723],[-1.2967930322834769,6.37114864133674],[-1.2966,6.4002],[-1.2763999791830714,6.41884284576466]],[[-1.2032,6.4864],[-1.227,6.5239],[-1.2053544992047527,6.484411586387048],[-1.2032,6.4864]],[[-1.2202,7.0038],[-1.1779,7.0085],[-1.1386,7.0415],[-1.1906,7.0088],[-1.2202,7.0038]],[[-1.0673,6.9474],[-1.1473,6.9644],[-1.0716,6.9477],[-1.0495,6.9379],[-1.0703,6.9761],[-1.0673,6.9474]],[[-1.0012039539420476,7.033367906932483],[-1.0019,7.0333],[-1.0703,6.9761],[-1.0012039539420476,7.033367906932483]],[[-0.9453903321167878,7.032117678832116],[-0.9568,7.0377],[-0.9947840576171841,7.03399423828125],[-0.9453903321167878,7.032117678832116]],[[-0.7618,6.8837],[-0.7617136162457694,6.884535042957563],[-0.7619466741118169,6.883774109024918],[-0.7618,6.8837]],[[-1.3875,6.8705],[-1.3090730727322257,6.844577005584309],[-1.3334,6.8648],[-1.387657135361638,6.870673708231811],[-1.3875,6.8705]],[[-1.243702513966484,6.835275698324022],[-1.2388033149632591,6.835863602204409],[-1.2397,6.8364],[-1.243702513966484,6.835275698324022]],[[-1.1726196041131107,6.79668783033419],[-1.1718,6.7962],[-1.1489,6.8084],[-1.1726196041131107,6.79668783033419]],[[-1.1672,6.7844],[-1.164108205357143,6.784143875],[-1.1489,6.8084],[-1.1672,6.7844]],[[-1.117480920605028,6.780281259695091],[-1.1165,6.7802],[-1.0957,6.8866],[-1.117480920605028,6.780281259695091]],[[-1.29504347616544,7.2697086838415705],[-1.28866267247221,7.28778328695627],[-1.2982,7.2875],[-1.29504347616544,7.2697086838415705]],[[-1.2673878221904986,7.337310452851138],[-1.2614311212814653,7.342143890160182],[-1.2667,7.3405],[-1.2673878221904986,7.337310452851138]],[[-1.1903264534883724,7.3643285465116275],[-1.1827,7.3648],[-1.1819196657141409,7.366951464297188],[-1.1903264534883724,7.3643285465116275]]]}},{"type":"Feature","properties":{"name":"Bono","district_count":12},"geometry":{"type":"Polygon","coordinates":[[[-2.9782,7.2721],[-2.9473,7.4565],[-2.9371,7.4803],[-2.9235,7.6086],[-2.8304,7.8205],[-2.7675,7.7948],[-2.8262,7.8255],[-2.8221,7.9124],[-2.7931,7.9837],[-2.6314,8.0532],[-2.6299,8.1151],[-2.6085,8.1519],[-2.5554,8.1469],[-2.5448,8.1757],[-2.4949,8.2052],[-2.5909,8.7869],[-2.5457,8.7608],[-2.4177,8.6124],[-2.4102,8.567],[-2.367,8.5399],[-2.3693,8.4855],[-2.2994,8.3848],[-2.2885,8.2969],[-2.2397,8.2812],[-2.1683,8.212],[-2.1621,8.1736],[-2.1212,8.1497],[-2.1164,8.0995],[-2.117,8.1354],[-2.1017,8.1358],[-2.0253,8.0239],[-2.0412,7.9644],[-1.985,7.9662],[-1.9141,7.8773],[-1.9029,7.8311],[-1.9223,7.8063],[-2.0764,7.7786],[-2.073,7.7135],[-2.048,7.6716],[-2.0897,7.6308],[-2.1089,7.5532],[-2.1372,7.5274],[-2.1104,7.4952],[-2.1140122168314304,7.494370338890307],[-2.1355,7.3738],[-2.1672,7.3248],[-2.2101,7.3134],[-2.211770909771621,7.318824887058529],[-2.2184,7.301],[-2.2687,7.2743],[-2.2704,7.2384],[-2.2815,7.247],[-2.2909,7.2242],[-2.3249,7.2371],[-2.3414,7.216],[-2.3501,7.187],[-2.2884,7.1409],[-2.2984,7.0983],[-2.3501,7.1291],[-2.3725,7.1021],[-2.4385,7.0888],[-2.4005,7.1118],[-2.4476,7.1406],[-2.4937,7.1334],[-2.4935,7.2169],[-2.4919394976310447,7.219022283221779],[-2.5559,7.2305],[-2.5824,7.1797],[-2.6949,7.1344],[-2.702747161242626,7.143382495209645],[-2.6911,7.1147],[-2.7532,7.0785],[-2.7715,7.0209],[-2.7775116201724024,7.019993219303604],[-2.8489,6.9517],[-2.8603,6.8534],[-2.9386,6.9414],[-2.9887,6.9464],[-3.0339,6.9275],[-3.0728,6.9437],[-3.0756,6.9719],[-3.1166,7.0059],[-3.0749,7.0629],[-3.0321,7.0717],[-3.0291,7.0966],[-3.0236,7.1425],[-2.9534,7.2392],[-2.9782,7.2721]],[[-2.9849,7.0724],[-2.9326,6.9966],[-2.9736,7.0671],[-3.0291,7.0966],[-2.9849,7.0724]],[[-2.5159548931932276,8.053562338163857],[-2.5159,8.0537],[-2.537,8.1158],[-2.5159548931932276,8.053562338163857]],[[-2.5386,7.9833],[-2.5410540259785606,7.981599189915849],[-2.503765516261895,7.9461480850258015],[-2.5379230344488786,7.985390541195313],[-2.5386,7.9833]],[[-2.5875,7.7628],[-2.5802670717736444,7.734799258054406],[-2.5709,7.7955],[-2.5875,7.7628]],[[-2.5886768599382757,7.680175277431217],[-2.5881,7.6802],[-2.566990699658717,7.670578754266218],[-2.5885242795798606,7.680764184077731],[-2.5886768599382757,7.680175277431217]],[[-2.6552672882934956,7.673741442589851],[-2.6945,7.5624],[-2.6663,7.6423],[-2.6461255352338755,7.674560968432317],[-2.6552672882934956,7.673741442589851]],[[-2.7308,7.5701],[-2.7303190307534497,7.568965213183922],[-2.6945,7.5624],[-2.7308,7.5701]],[[-2.546744606233343,7.306301294999688],[-2.5152949361261396,7.290750903441134],[-2.5363,7.3024],[-2.546744606233343,7.306301294999688]],[[-2.8056889664277644,7.458927928140324],[-2.9000126032329665,7.426691853764015],[-2.8931,7.4167],[-2.8056889664277644,7.458927928140324]],[[-2.7801,7.4707],[-2.7803156401760587,7.47058698376315],[-2.6962,7.3802],[-2.7801,7.4707]],[[-2.8143,7.3034],[-2.814201166099425,7.289266752217821],[-2.7901,7.3124],[-2.8143,7.3034]],[[-2.8141,7.2748],[-2.7294,7.2189],[-2.814191205468647,7.287842382016564],[-2.8141,7.2748]],[[-2.723,7.7168],[-2.699851377150641,7.702400194904002],[-2.73188156303251,7.732367683517658],[-2.723,7.7168]],[[-2.5423,7.6589],[-2.5438347835733452,7.659625955945059],[-2.531,7.6228],[-2.5423,7.6589]],[[-2.4747189454992484,7.576572654009015],[-2.4729479599406528,7.597824480712166],[-2.4867,7.5933],[-2.531,7.6228],[-2.4747189454992484,7.576572654009015]],[[-2.4636,7.6009],[-2.470482418038457,7.59863565467133],[-2.3907436656508434,7.565456377884194],[-2.4636,7.6009]],[[-2.2729,7.5855],[-2.2603552827740594,7.597675754954589],[-2.3854069748204885,7.5632357820398175],[-2.3846,7.5629],[-2.2729,7.5855]],[[-2.3472,7.3611],[-2.3179,7.3607],[-2.2485,7.3469],[-2.3244,7.3676],[-2.3472,7.3611]],[[-2.5034,7.3655],[-2.5035206405693953,7.372617793594306],[-2.5208,7.3712],[-2.5034,7.3655]],[[-2.5038,7.3891],[-2.5415,7.4454],[-2.5035939457202505,7.376942797494781],[-2.5038,7.3891]],[[-2.4755,7.5672],[-2.4748299932900917,7.5752400805189],[-2.5135,7.5478],[-2.4755,7.5672]],[[-2.435,7.9756],[-2.4337,8.019],[-2.3711,8.006],[-2.4351,8.0195],[-2.435,7.9756]],[[-2.4775599064057903,7.921233766090142],[-2.475,7.9188],[-2.435,7.9756],[-2.4775599064057903,7.921233766090142]],[[-2.3405,7.976],[-2.306908239645188,7.985146271383736],[-2.3205,7.9896],[-2.3405,7.976]],[[-2.1755880600173643,7.963936934556111],[-2.1754,7.964],[-2.17503402213167,7.96461468106062],[-2.1755880600173643,7.963936934556111]],[[-2.1533922745128247,7.9910887168240246],[-2.139720740269223,7.979503890438657],[-2.1419886284586664,8.005038631534614],[-2.1533922745128247,7.9910887168240246]],[[-2.1393781146179403,7.975646179401993],[-2.1643,7.9143],[-2.1375,7.9545],[-2.1393781146179403,7.975646179401993]],[[-2.1963,7.7447],[-2.2192,7.714],[-2.2183472818848458,7.712426532049418],[-2.1963,7.7447]],[[-2.2040784907105917,7.6757688278107645],[-2.2056069634974618,7.669183953769655],[-2.203,7.6734],[-2.2040784907105917,7.6757688278107645]],[[-2.2181735115082697,7.615045511467279],[-2.2190779552715654,7.6111490415335465],[-2.2173,7.6113],[-2.2181735115082697,7.615045511467279]]]}},{"type":"Feature","properties":{"name":"Bono East","district_count":11},"geometry":{"type":"Polygon","coordinates":[[[-1.5766,7.4028],[-1.6542,7.3135],[-1.7092,7.3243],[-1.7285,7.3118],[-1.7615,7.322],[-1.7793,7.3509],[-1.8072,7.3485],[-1.8399,7.4251],[-1.836,7.471],[-1.8629619679105283,7.467752755689608],[-1.8979,7.4304],[-1.9271,7.4426],[-1.9645,7.4081],[-2.0185,7.4215],[-2.038,7.457],[-2.1097,7.4636],[-2.1112,7.498],[-2.1377,7.5258],[-2.1089,7.5532],[-2.082,7.6401],[-2.0375,7.6405],[-2.0768,7.6423],[-2.048,7.6758],[-2.073,7.7135],[-2.0764,7.7786],[-1.9280215908582932,7.805271524550457],[-1.9029,7.8311],[-1.9141,7.8773],[-1.985,7.9662],[-2.0412,7.9644],[-2.0253,8.0239],[-2.1216,8.1497],[-2.0309,8.1527],[-2.026251192426411,8.148946210618888],[-2.0309,8.1542],[-1.9594,8.1704],[-1.8951,8.2616],[-1.7997,8.2262],[-1.7474,8.2621],[-1.7699,8.3227],[-1.8029,8.3394],[-1.8709,8.334],[-1.9081,8.3976],[-1.9098,8.4385],[-1.8831,8.4802],[-1.8968,8.5528],[-1.8682,8.6413],[-1.8164,8.6619],[-1.7334,8.6264],[-1.6932,8.6438],[-1.6584,8.6954],[-1.6119,8.677],[-1.5315,8.681],[-1.5108,8.6917],[-1.4834,8.7605],[-1.4033,8.7734],[-1.2296,8.6747],[-1.1445,8.6774],[-1.1415,8.5765],[-1.1721,8.5353],[-1.1646,8.512],[-1.1959,8.5115],[-1.1946,8.494],[-1.2585,8.4548],[-1.2527,8.3792],[-1.274,8.2902],[-1.275107538056206,8.289074693953587],[-1.1565,8.0886],[-1.1579,7.9993],[-1.107,7.9924],[-1.0658,8.0234],[-1.0162,8.0192],[-1.0687,8.1292],[-1.0405,8.166],[-1.0397,8.2431],[-1.0219,8.2608],[-0.979,8.2272],[-0.9591,8.2511],[-0.862,8.2724],[-0.8578,8.3285],[-0.7408,8.3355],[-0.5425,8.1876],[-0.4472,8.1585],[-0.4601,8.0711],[-0.4444,8.1575],[-0.3193,8.1304],[-0.2147,8.0309],[-0.1415,8.0179],[-0.1738,7.9574],[-0.1349,7.9485],[-0.1454,7.903],[-0.1264,7.7882],[-0.1001,7.7504],[-0.0145,7.7569],[0.0041,7.7424],[-0.0168,7.6483],[0.0094,7.5784],[0.0771,7.4821],[0.091,7.4293],[0.2084,7.3509],[0.215,7.31],[0.1823,7.1796],[0.0505,7.172],[-0.0527,7.1964],[-0.0849,7.1792],[-0.2208,7.2128],[-0.2387,7.2023],[-0.2618,7.2668],[-0.3872,7.3179],[-0.38734502820874467,7.318213332549757],[-0.385,7.3114],[-0.5409,7.3545],[-0.5987,7.3486],[-0.6542,7.4307],[-0.65,7.502],[-0.6891,7.5414],[-0.7768,7.506],[-0.7622,7.5271],[-0.7833,7.4983],[-0.8668,7.5207],[-0.9252,7.5037],[-1.0148,7.5348],[-1.1036,7.4652],[-1.1555,7.469],[-1.2029,7.4954],[-1.2413,7.4898],[-1.2904,7.5351],[-1.3172,7.6106],[-1.2813934466879193,7.618138221749912],[-1.3439,7.6194],[-1.4213,7.58],[-1.4257780857232139,7.580448724336273],[-1.5202,7.45],[-1.5155,7.3909],[-1.5766,7.4028]],[[-1.9078,8.0533],[-1.9684,8.1086],[-1.9746666471415677,8.10729305220042],[-1.9078,8.0533]],[[-1.5171,7.881],[-1.5075,7.8552],[-1.5053432396225397,7.851922248666473],[-1.5060177071656462,7.936500478572044],[-1.5171,7.881]],[[-1.3680711364868985,7.792485144763334],[-1.3141,7.7846],[-1.2923916623983132,7.78980860274179],[-1.3746132027029903,7.79675397311654],[-1.3680711364868985,7.792485144763334]],[[-1.3817,7.7607],[-1.354,7.7789],[-1.359779418082747,7.781921917951763],[-1.3817,7.7607]],[[-1.3365213270142178,7.659757345971564],[-1.3368,7.6599],[-1.4119,7.6344],[-1.3365213270142178,7.659757345971564]],[[-1.279957544306276,7.618440516988152],[-1.2792,7.6186],[-1.3116,7.647],[-1.3331661418039513,7.658039810685357],[-1.279957544306276,7.618440516988152]],[[-1.8324507940291392,7.627111274319936],[-1.9179,7.6335],[-1.9183426076523127,7.6329960671910415],[-1.8324508210381298,7.627110335007259],[-1.8324507940291392,7.627111274319936]],[[-1.7763357243602669,7.57953395055615],[-1.7781120770352068,7.580984592956332],[-1.776399883549509,7.579527469390593],[-1.7763357243602669,7.57953395055615]],[[-1.7092,7.5951],[-1.7397344551650653,7.5832312991053605],[-1.6782544609458694,7.589441820555299],[-1.7092,7.5951]],[[-1.5052,7.5578],[-1.6415049108584139,7.582722417524603],[-1.6187,7.5685],[-1.5052,7.5578]],[[-1.7932,7.544],[-1.8023001666666663,7.573263281045751],[-1.8096,7.5722],[-1.7932,7.544]],[[-1.9407359872848735,7.757457568232051],[-1.9416,7.7565],[-1.937267367973648,7.752909095739029],[-1.9407359872848735,7.757457568232051]],[[-1.891187944342208,7.739152272516649],[-1.9160072130335677,7.735288586889234],[-1.9048,7.726],[-1.9052882326037244,7.715828487422411],[-1.891187944342208,7.739152272516649]],[[-1.9056399193826223,7.708501679528698],[-1.906,7.701],[-1.8897054289079822,7.709630087652439],[-1.9056399193826223,7.708501679528698]],[[-1.871277438756051,7.710935074079507],[-1.8307,7.688],[-1.8633,7.7115],[-1.871277438756051,7.710935074079507]],[[-1.6466,7.8137],[-1.6996,7.8137],[-1.7324534477585067,7.795116231570946],[-1.6466,7.8137]],[[-1.4868240096539882,8.027290670905757],[-1.4347,8.0429],[-1.486,8.0306],[-1.4868240096539882,8.027290670905757]],[[-0.4273,7.4343],[-0.4245345564698499,7.426265177071976],[-0.4222290697518264,7.441461906424581],[-0.4273,7.4343]],[[-1.2513952215525006,7.801528756792066],[-1.2583485130111511,7.797976765799257],[-1.252,7.7995],[-1.2513952215525006,7.801528756792066]],[[-0.8401,7.8728],[-0.82091614455465,7.967120622606304],[-0.8256491342458631,7.963634997193317],[-0.8216,7.9652],[-0.8401,7.8728]],[[-0.8208399834241057,7.967176711714759],[-0.7691,7.9471],[-0.8185,7.9689],[-0.8208399834241057,7.967176711714759]]]}},{"type":"Feature","properties":{"name":"Central","district_count":22},"geometry":{"type":"MultiPolygon","coordinates":[[[[-1.5802,5.0331],[-1.5815,5.1549],[-1.5251,5.1707],[-1.5099,5.2083],[-1.4463,5.2101],[-1.4344958975547573,5.221303893846332],[-1.4474,5.2223],[-1.4441,5.2678],[-1.3998,5.298],[-1.4566,5.348],[-1.4621,5.3819],[-1.6288,5.422],[-1.6017,5.4506],[-1.6154,5.5157],[-1.594,5.5299],[-1.5919,5.5633],[-1.6424,5.6167],[-1.6764,5.6081],[-1.6857,5.6423],[-1.8322,5.5924],[-1.818,5.6747],[-1.7691,5.6857],[-1.8082,5.6809],[-1.7845,5.7297],[-1.8166,5.7248],[-1.801,5.7509],[-1.8507,5.7676],[-1.8288,5.7865],[-1.8447,5.805],[-1.8149,5.8892],[-1.8418,5.9017],[-1.8696,5.8839],[-1.8949,5.9172],[-1.8195,5.9448],[-1.7832,5.9845],[-1.7704,5.9609],[-1.7132,5.9572],[-1.7072,5.9293],[-1.6927,5.9434],[-1.6725,5.9153],[-1.6389,5.9337],[-1.5566,5.9263],[-1.5619186239693674,5.915675884466128],[-1.546,5.9391],[-1.5005,5.9055],[-1.5218,5.8751],[-1.4759,5.8551],[-1.4617,5.8622],[-1.4665,5.9046],[-1.4555,5.8936],[-1.4208,5.9037],[-1.4187,5.9214],[-1.3799,5.9164],[-1.377,5.9345],[-1.3359,5.9269],[-1.3425,5.9108],[-1.3078,5.9261],[-1.298,5.8856],[-1.2752,5.9029],[-1.2624,5.8908],[-1.2609,5.9154],[-1.2196,5.9337],[-1.163,5.8972],[-1.1652,5.7112],[-1.1664522208674446,5.69602308308657],[-1.1614,5.721],[-1.1439,5.7041],[-1.121,5.7205],[-1.0998,5.7008],[-1.0772,5.7491],[-0.8788,5.7493],[-0.8773985347509531,5.747726575824689],[-0.8792,5.7583],[-0.8123,5.7443],[-0.7838,5.7061],[-0.7586,5.7099],[-0.6986,5.7141],[-0.6906,5.7368],[-0.6698,5.7369],[-0.6219,5.7213],[-0.6181012206532044,5.716609434038255],[-0.5622,5.7366],[-0.5103,5.7362],[-0.5185,5.6864],[-0.4971,5.6466],[-0.4254,5.6117],[-0.4460972807386869,5.60619888064577],[-0.4,5.5659],[-0.4143,5.5307],[-0.4064,5.4654],[-0.4738,5.4066],[-0.4763052329702906,5.413769230521364],[-0.4887,5.3853],[-0.5534379259819826,5.368030261727839],[-0.5531,5.3649],[-0.6399,5.3278],[-0.6417111567296357,5.329386134226863],[-0.7245,5.3],[-0.7497,5.2711],[-0.7493647724468202,5.2805895184284735],[-0.7981,5.2231],[-1.0154,5.2013],[-1.091,5.1942],[-1.1984,5.1329],[-1.2118,5.1178],[-1.3217,5.0968],[-1.320160907461615,5.099665267136678],[-1.5802,5.0331]],[[-1.5101,5.5087],[-1.5038127956440366,5.512659963983892],[-1.6154,5.5157],[-1.5101,5.5087]],[[-0.8671973469782642,5.536682581213855],[-0.8487670292974357,5.547195019696852],[-0.8614916068979472,5.557346612856083],[-0.8671973469782642,5.536682581213855]],[[-0.9005976258886506,5.53567484033034],[-0.8496,5.4977],[-0.8854,5.5263],[-0.8708333337317283,5.534608656730689],[-0.9005976258886506,5.53567484033034]],[[-0.9013,5.5357],[-0.9244704300083049,5.5002452471855685],[-0.9244,5.5002],[-0.9010378344157167,5.535690608993996],[-0.9013,5.5357]],[[-0.961,5.5225],[-1.0515,5.5016],[-0.9978,5.5137],[-0.9601760054072327,5.521996573166611],[-0.961,5.5225]],[[-1.1296884215160239,5.5423789005927055],[-1.0679510843590327,5.457096092507974],[-1.0635,5.4548],[-1.1225,5.5348],[-1.0923,5.5368],[-1.1296884215160239,5.5423789005927055]],[[-1.1283,5.4313],[-1.129592467162963,5.427943260638371],[-1.0977,5.4428],[-1.1283,5.4313]],[[-1.1494,5.3765],[-1.1233,5.4159],[-1.137,5.3804],[-1.1181335585174366,5.420516012415556],[-1.1296962037751737,5.42767384043225],[-1.1494,5.3765]],[[-1.0685529664045736,5.373413259471049],[-1.0921,5.4044],[-1.1169192982456155,5.419764327485381],[-1.0685529664045736,5.373413259471049]],[[-1.0613593609204963,5.340452034379982],[-1.0595,5.3615],[-1.062684005242989,5.3656899946295775],[-1.0613593609204963,5.340452034379982]],[[-1.0609,5.3317],[-1.033715384615374,5.310572307692299],[-1.060933967704729,5.3323471741637825],[-1.0609,5.3317]],[[-1.0074036777812156,5.280954731782148],[-0.9315,5.3056],[-1.003930719111078,5.287343489977482],[-1.0074036777812156,5.280954731782148]],[[-1.0226,5.253],[-1.0138418707951071,5.2432083027522935],[-1.0128081105943305,5.271012887462836],[-1.0226,5.253]],[[-1.4394,5.5412],[-1.4398944856787048,5.545317544209215],[-1.4503289849910963,5.5385229865174255],[-1.4318532796467074,5.532469918171191],[-1.4394,5.5412]],[[-1.432487393720827,5.477096893509695],[-1.4324,5.4951],[-1.4331,5.4775],[-1.432487393720827,5.477096893509695]],[[-1.3288695647989002,5.355473986937092],[-1.3514,5.3957],[-1.3304,5.3555],[-1.3288695647989002,5.355473986937092]],[[-1.2950411718194037,5.351260006325611],[-1.288315184734064,5.360407348761672],[-1.3203470379846476,5.355329128124385],[-1.2951,5.3549],[-1.2950411718194037,5.351260006325611]],[[-1.2871,5.3606],[-1.288035533280775,5.3604516837481695],[-1.2827,5.3399],[-1.2871,5.3606]],[[-1.213260883557636,5.357121123464014],[-1.2284002460226344,5.351580761030015],[-1.2139,5.3547],[-1.213260883557636,5.357121123464014]],[[-1.342411650485437,5.1740352527619695],[-1.3566877431070328,5.22145813514865],[-1.3619,5.2157],[-1.342411650485437,5.1740352527619695]],[[-1.2935,5.2559],[-1.3323,5.2484],[-1.345282122186495,5.234058263665595],[-1.2851340008227068,5.247842208144797],[-1.2942865795981628,5.30456961263633],[-1.2935,5.2559]],[[-1.2810944039227703,5.222804909592399],[-1.2810159493422824,5.221554251279915],[-1.2809,5.2216],[-1.2810944039227703,5.222804909592399]],[[-1.3416,5.1723],[-1.2964,5.1439],[-1.3418542146267907,5.172843493340035],[-1.3416,5.1723]],[[-1.1174540048052264,5.3250960775315175],[-1.1176,5.3207],[-1.0542967177242888,5.285863894967178],[-1.0541,5.2868],[-1.1174540048052264,5.3250960775315175]],[[-1.0836,5.2716],[-1.057,5.273],[-1.0548047994377228,5.283446126813595],[-1.0836,5.2716]],[[-1.1883,5.2558],[-1.2104,5.2236],[-1.1871660708482288,5.255662822229444],[-1.1883,5.2558]],[[-1.6421,5.8141],[-1.6502745572916666,5.8460634375],[-1.6537,5.8439],[-1.6421,5.8141]],[[-1.6455367272727266,5.849055751196173],[-1.6161815998149052,5.849892629829839],[-1.6366,5.8547],[-1.6455367272727266,5.849055751196173]],[[-1.5971,5.8454],[-1.6043303251893408,5.8471023297281235],[-1.5737,5.7584],[-1.5897287430297358,5.8601243133060335],[-1.5971,5.8454]],[[-1.4915739733001467,5.770519920239846],[-1.5046,5.7767],[-1.5737,5.7584],[-1.4915739733001467,5.770519920239846]],[[-1.4724956032829977,5.761468361301997],[-1.4583422255146605,5.747413958203369],[-1.4456533364864073,5.748733292230772],[-1.4724956032829977,5.761468361301997]],[[-1.4261591474083255,5.70651597622172],[-1.4275074974133128,5.681601464462898],[-1.4232,5.703],[-1.4261591474083255,5.70651597622172]],[[-1.4225,5.6188],[-1.430188419055136,5.632063990125655],[-1.4316770802577135,5.604556839238029],[-1.4225,5.6188]],[[-1.4277,5.7506],[-1.3933,5.7884],[-1.4391678421141216,5.74940762497896],[-1.4277,5.7506]],[[-0.8987,5.3793],[-0.9224,5.3763],[-0.9139,5.3327],[-0.9189,5.376],[-0.8987,5.3793]],[[-0.6862,5.396],[-0.7212,5.3825],[-0.6829339096056555,5.390042835125808],[-0.6862,5.396]],[[-0.563,5.4423],[-0.672,5.3701],[-0.6775271963009668,5.3801812946616225],[-0.6729,5.3567],[-0.563,5.4423]],[[-0.5588,5.4177],[-0.5524625891300903,5.419657629535731],[-0.563,5.4423],[-0.5588,5.4177]],[[-0.4769181759300488,5.415523290693438],[-0.4832,5.4335],[-0.5155,5.4427],[-0.5421093235831809,5.422855758683729],[-0.5015,5.4354],[-0.4769181759300488,5.415523290693438]],[[-0.7488961415840171,5.293855376698594],[-0.7484,5.3079],[-0.7821,5.3427],[-0.7488961415840171,5.293855376698594]],[[-0.5421,5.5155],[-0.5061,5.5004],[-0.5060339532679835,5.501238164480114],[-0.5436699968897951,5.519659553512804],[-0.5421,5.5155]],[[-0.5033704949646454,5.535038718662952],[-0.5026774290793847,5.5438340547782845],[-0.51,5.5436],[-0.5033704949646454,5.535038718662952]],[[-0.4719,5.5734],[-0.4881,5.5443],[-0.4739,5.5606],[-0.4538,5.5274],[-0.4719,5.5734]],[[-0.4975066185099226,5.589111179492528],[-0.46503124054462847,5.601166433434191],[-0.5014,5.5915],[-0.4975066185099226,5.589111179492528]],[[-0.7514,5.5445],[-0.7434,5.5199],[-0.7416386713006281,5.520422055874882],[-0.7514,5.5445]],[[-0.6832817204301072,5.499719354838709],[-0.6828,5.4991],[-0.6784597701149455,5.501527586206895],[-0.6832817204301072,5.499719354838709]],[[-0.6625781692973949,5.531797766050595],[-0.6618,5.5314],[-0.6626768618944323,5.510355314533623],[-0.6592,5.5123],[-0.6527906150805534,5.539903084386417],[-0.6625781692973949,5.531797766050595]],[[-0.6479840146358733,5.543883550379667],[-0.6128,5.5371],[-0.6377,5.5524],[-0.6479840146358733,5.543883550379667]],[[-0.5628315907081299,5.60053186857666],[-0.5777561592114365,5.5815860329721],[-0.5672,5.582],[-0.5484107040620869,5.532219594427442],[-0.5628315907081299,5.60053186857666]],[[-0.566142964241901,5.6162179676495985],[-0.573,5.6487],[-0.573910904350953,5.648887288745056],[-0.5795,5.63],[-0.566142964241901,5.6162179676495985]],[[-0.5891,5.6808],[-0.609,5.6609],[-0.6028262963134282,5.658923715250474],[-0.5891,5.6808]],[[-0.7261,5.6281],[-0.7583227915728638,5.646881284231041],[-0.7583,5.6417],[-0.7261,5.6281]],[[-0.7111,5.5566],[-0.7073677019628224,5.554692212768015],[-0.7261,5.6281],[-0.7111,5.5566]]],[[[-1.9813,6.1192],[-1.9685,6.053],[-1.9499,6.057],[-1.913,6.0111],[-1.8831,6.0337],[-1.8674,6.0094],[-1.8382,6.0358],[-1.806,6.0317],[-1.8131,6.0113],[-1.7925,5.9902],[-1.8195,5.9448],[-1.9031,5.9174],[-1.9444,5.9835],[-2.0515,6.05],[-2.0587,6.0715],[-2.1403,6.0912],[-2.1817,6.121],[-2.2059,6.198],[-2.1314,6.2589],[-2.0986,6.2399],[-2.0672,6.2947],[-2.0095,6.2916],[-2.0404,6.1979],[-2.0143,6.1132],[-1.9813,6.1192]]]]}},{"type":"Feature","properties":{"name":"Eastern","district_count":33},"geometry":{"type":"Polygon","coordinates":[[[-1.121,5.7205],[-1.1439,5.7041],[-1.1631,5.7212],[-1.1608,5.8239],[-1.1653,5.9033],[-1.2247,5.9355],[-1.222054254448322,5.970533320408427],[-1.2453,5.9863],[-1.2048,6.091],[-1.1872,6.0976],[-1.2071,6.1129],[-1.1796,6.1479],[-1.1913,6.2004],[-1.1311,6.1999],[-1.1176509413010236,6.227839945888719],[-1.1241,6.2295],[-1.1163,6.2688],[-1.1387,6.2964],[-1.1122,6.3206],[-1.1143,6.3528],[-1.0103,6.415],[-1.0123,6.4683],[-0.9725,6.5351],[-0.9171,6.5178],[-0.9662,6.54],[-0.9115,6.5989],[-0.8228,6.5908],[-0.9156,6.6008],[-0.9236,6.6409],[-0.9761,6.6141],[-0.9739,6.6811],[-0.9469,6.7249],[-0.9827,6.7485],[-0.9325,6.7563],[-0.9012,6.7884],[-0.7928,6.7899],[-0.7508499141773755,6.862218300124655],[-0.7554,6.8669],[-0.742,6.9489],[-0.6523,6.9295],[-0.6576,6.9472],[-0.5741,6.9633],[-0.5647,7.0187],[-0.591,7.0445],[-0.6354,7.1739],[-0.5612,7.1375],[-0.3878,7.1179],[-0.3218,7.1441],[-0.2872,7.1947],[-0.2175,7.2101],[-0.1595,7.1962],[-0.16084022136413287,7.188965539779324],[-0.1424,7.1954],[-0.0849,7.1793],[0.0044,7.194],[0.0505,7.1721],[0.1823,7.1797],[0.2352,7.1671],[0.2425,7.1486],[0.1967,7.0676],[0.2274,6.974],[0.2062,6.9425],[0.1355,6.91],[0.1198,6.8705],[0.1332,6.8291],[0.2002,6.7787],[0.2036,6.7033],[0.1232,6.666],[0.10461305194849264,6.568023055749768],[0.1286,6.5755],[0.1783,6.5669],[0.1998,6.5489],[0.1778,6.5115],[0.178,6.4242],[0.2165,6.3845],[0.1693,6.3275],[0.1757,6.3027],[0.1277,6.2552],[0.0979,6.1478],[0.1436,6.1009],[0.13945559484944728,6.1008615070729055],[0.1436,6.1008],[0.0892,6.0627],[0.0404,6.0479],[0.019,6.0619],[-0.0055,6.0088],[-0.028,6.0761],[-0.0126,5.9959],[-0.0063,5.9712],[-0.1229,5.8797],[-0.1324,5.8518],[-0.1719,5.8671],[-0.1439,5.8549],[-0.1647,5.8394],[-0.1509,5.8383],[-0.155,5.8147],[-0.2026,5.782],[-0.2251,5.7401],[-0.2437,5.7577],[-0.2334,5.7844],[-0.2565,5.7779],[-0.2693,5.8047],[-0.2766,5.8777],[-0.2699,5.8072],[-0.3623,5.7631],[-0.3848,5.7764],[-0.391,5.7579],[-0.42325587474523685,5.798110575563167],[-0.4243,5.7935],[-0.4374,5.8009],[-0.4439,5.7775],[-0.5088,5.7356],[-0.5682,5.7404],[-0.6233,5.721],[-0.652,5.7373],[-0.7001623840518904,5.732250717801011],[-0.6952,5.7153],[-0.7838,5.7062],[-0.8123,5.7444],[-0.8753895282654699,5.757593980874369],[-0.88,5.7418],[-1.0772,5.7492],[-1.0998,5.7008],[-1.121,5.7205]],[[-0.7613,6.6338],[-0.8204,6.6182],[-0.8207407618090206,6.614309636013681],[-0.7613,6.6338]],[[-0.7398,6.6116],[-0.7378892807553455,6.6150942793668435],[-0.7408116814741693,6.61264461994077],[-0.7398,6.6116]],[[-0.6437,6.7324],[-0.6142,6.7599],[-0.6505,6.7343],[-0.6449859383541483,6.7513081619780495],[-0.6703,6.7387],[-0.6437,6.7324]],[[-0.5173,6.7313],[-0.4339248477806161,6.7021551847548215],[-0.5589,6.7632],[-0.5173,6.7313]],[[-0.3345,6.6674],[-0.2552,6.6668],[-0.33531124260355155,6.667683579881657],[-0.3345,6.6674]],[[-0.5372949578852102,6.504850378949823],[-0.4608,6.4237],[-0.537269504061541,6.504856937603774],[-0.5372949578852102,6.504850378949823]],[[-0.48780339570543135,6.387037426196281],[-0.352,6.33],[-0.4855305976780791,6.390123209418796],[-0.48780339570543135,6.387037426196281]],[[-0.4991,6.3717],[-0.4893,6.348],[-0.49154700359357384,6.38195472096956],[-0.4991,6.3717]],[[-0.5199,6.3446],[-0.5200523487843961,6.3443295583708945],[-0.4893,6.348],[-0.5199,6.3446]],[[-0.4791,6.276],[-0.4777257382315055,6.273716452249343],[-0.468,6.2987],[-0.4772,6.2772],[-0.47924011932302446,6.276295251430659],[-0.4791,6.276]],[[-0.34634063463201553,6.169781901235115],[-0.3209,6.1751],[-0.31965343700579857,6.179918176067475],[-0.3411,6.1755],[-0.35026887692962566,6.178142930712598],[-0.34634063463201553,6.169781901235115]],[[-0.3702,6.1539],[-0.3697192679848548,6.147810727808162],[-0.36382001022887106,6.156554270553638],[-0.3702,6.1539]],[[-0.3682012823543316,6.128582909821533],[-0.3663,6.1286],[-0.3342365193868334,6.103425157799818],[-0.36899537071885585,6.138641362438841],[-0.3682012823543316,6.128582909821533]],[[-0.4157,6.1327],[-0.42523133772374594,6.121240975995047],[-0.4108,6.1282],[-0.37858580242152895,6.12848956582093],[-0.4157,6.1327]],[[-0.4837,6.1058],[-0.5684,6.0593],[-0.5888549135138862,6.088531930948935],[-0.5775539833939476,6.05558414876827],[-0.557,6.0577],[-0.4627280370599329,6.10315946229326],[-0.4837,6.1058]],[[-0.29944118382933893,5.942392961548591],[-0.2412,5.9338],[-0.2071,5.9201],[-0.2251,5.9355],[-0.2993510651231347,5.942530256490258],[-0.29944118382933893,5.942392961548591]],[[-0.3807,5.891],[-0.3806587347165618,5.890925875324195],[-0.3404,5.8983],[-0.3318217949185861,5.90829293523882],[-0.3807,5.891]],[[-0.4154,5.8328],[-0.41980496579937626,5.8133488588859],[-0.3699,5.8716],[-0.4154,5.8328]],[[-1.201,5.9772],[-1.2033787021362354,5.973729036678758],[-1.1864063352490928,5.973571520512753],[-1.201,5.9772]],[[-1.1644,5.9681],[-1.1757206565685328,5.970914698764307],[-1.1477,5.9466],[-1.1644,5.9681]],[[-1.0936823835236293,5.934844544375533],[-1.1067,5.967],[-1.0945,5.9342],[-1.0936823835236293,5.934844544375533]],[[-1.068741613860296,5.9501463169847275],[-1.0788503572097505,5.943458994461242],[-1.0765428611424475,5.941635140246429],[-1.068741613860296,5.9501463169847275]],[[-1.0024,6.0332],[-0.9996087054168226,6.025570461472649],[-0.98282631073812,6.043880088386938],[-1.0024,6.0332]],[[-0.9587019937451137,6.071911982017201],[-0.9523204222905914,6.061236044809448],[-0.9518,6.0615],[-0.9587019937451137,6.071911982017201]],[[-0.9757395206402354,6.100414611597386],[-0.9739569924516965,6.097432562560169],[-0.9471,6.1111],[-0.9757395206402354,6.100414611597386]],[[-0.6676111355432937,6.111732435796373],[-0.6801253013507782,6.108520243503543],[-0.6741276450769624,6.1046841790847575],[-0.6676111355432937,6.111732435796373]],[[-0.668,6.0842],[-0.6743947060888237,6.091265118823943],[-0.6805,6.0744],[-0.668,6.0842]],[[-0.6598,6.0251],[-0.6497,6.0463],[-0.6567437494282017,6.052726277887418],[-0.6549,6.0393],[-0.6598,6.0251]],[[-0.6461747441008509,6.018173828251266],[-0.6251729547342189,6.0341260070598],[-0.6598,6.0251],[-0.6461747441008509,6.018173828251266]],[[-1.044249629207072,5.916110439247005],[-1.0412,5.9137],[-1.0410855041107745,5.913763423378872],[-1.044249629207072,5.916110439247005]],[[-0.9656601111298186,5.958509260818319],[-0.9497,5.9528706586826345],[-0.9497,5.9583],[-0.9471457757789941,5.958899036299389],[-0.9656601111298186,5.958509260818319]],[[-0.9254600774501043,5.963984932975871],[-0.919,5.9655],[-0.9068,5.9971],[-0.9254600774501043,5.963984932975871]],[[-0.7590123850092109,5.837594779723267],[-0.759,5.8375],[-0.7255,5.8188],[-0.7590123850092109,5.837594779723267]],[[-0.7046190805015445,5.747474086861712],[-0.7081,5.7652],[-0.7255,5.8188],[-0.7046190805015445,5.747474086861712]],[[-0.531,5.8845],[-0.5743578002761169,5.8934468476760244],[-0.5616962079110822,5.887254429552141],[-0.5575,5.8879],[-0.5177258925592255,5.869673843073842],[-0.531,5.8845]],[[-0.46648233301517794,5.845835618438044],[-0.4657,5.8297],[-0.466,5.8458],[-0.46648233301517794,5.845835618438044]],[[-0.9050692356452386,5.904413660134172],[-0.8741,5.8782],[-0.8558019533647608,5.851177568260195],[-0.8549,5.8546],[-0.8784,5.8951],[-0.9050692356452386,5.904413660134172]],[[-0.7375,6.0139],[-0.787,6.0083],[-0.7897260394300215,6.002014073784892],[-0.7375,6.0139]],[[-0.6713,6.0298],[-0.7145,6.0494],[-0.7145952744822043,6.049252945907902],[-0.6713,6.0298]],[[-0.6267,5.9785],[-0.5817241084053417,5.936855655930872],[-0.5816,5.9377],[-0.6266991078646702,5.978508706010288],[-0.6267,5.9785]],[[-0.5871827276133383,5.899719148204338],[-0.5859815300245942,5.907891230160549],[-0.5943,5.9032],[-0.5871827276133383,5.899719148204338]],[[-0.9660867942017332,5.95866000513714],[-0.9618,6.0106],[-0.9662,5.9587],[-0.9660867942017332,5.95866000513714]],[[-0.9922146897326635,6.214550499268587],[-0.9959,6.1965],[-1.0326,6.0792],[-0.9897,6.2113],[-0.9922146897326635,6.214550499268587]],[[-0.9632643506624715,6.28508730479462],[-0.9629,6.2853],[-0.9623,6.3145],[-0.9632643506624715,6.28508730479462]],[[-0.7775,6.2786],[-0.7814589675175266,6.282210884383136],[-0.7757,6.2502],[-0.7483,6.2219],[-0.7775,6.2786]],[[-0.6007820433717448,6.163981090645132],[-0.6074,6.1426],[-0.5968995386967524,6.111985979017292],[-0.6007820433717448,6.163981090645132]],[[-0.5498,6.1896],[-0.5983,6.172],[-0.5997001994286638,6.167476278768932],[-0.5498,6.1896]],[[-0.5373173870232173,6.225873004767828],[-0.5471,6.2207],[-0.5498,6.1896],[-0.5373173870232173,6.225873004767828]],[[-0.8293,6.4652],[-0.8232531778245904,6.477886470054291],[-0.8252181014150944,6.477386537804211],[-0.8293,6.4652]],[[-0.7824415669205657,6.475481175190424],[-0.783,6.4759],[-0.8293,6.4652],[-0.7824415669205657,6.475481175190424]],[[-0.7468131475794152,6.4430676507535045],[-0.7502,6.4513],[-0.7789371601208469,6.472852870090636],[-0.7468131475794152,6.4430676507535045]],[[-0.5950142771941093,6.496882607698307],[-0.6014,6.5135],[-0.5956,6.4967],[-0.5950142771941093,6.496882607698307]],[[-0.8232180117550402,6.477960249847269],[-0.8191,6.4866],[-0.84,6.5349],[-0.8402287018573149,6.534861505627977],[-0.8252416284675819,6.4847293069208005],[-0.8224,6.4858],[-0.8240706361956784,6.480812303531743],[-0.8232180117550402,6.477960249847269]],[[-0.6416,6.795],[-0.6979,6.7773],[-0.6453304761904756,6.791269523809524],[-0.6416,6.795]],[[-0.6434,6.7562],[-0.6608,6.7758],[-0.6447323364345173,6.7520903988850804],[-0.6434,6.7562]],[[-0.7312,6.842],[-0.7472058024299347,6.858468780186173],[-0.7477,6.8454],[-0.7312,6.842]],[[-0.3108,6.2546],[-0.3167951245035318,6.190966035626798],[-0.312,6.2095],[-0.3108,6.2546]],[[-0.07131941161606352,6.102476301364537],[-0.0628,6.1355],[-0.06654612428388638,6.135209118070845],[-0.0753,6.1049],[-0.07131941161606352,6.102476301364537]],[[-0.24750710607726883,6.126761773744309],[-0.2475229383073954,6.126780212102851],[-0.3089405493129602,6.083563868796504],[-0.30773260018616627,6.08261543998992],[-0.24750710607726883,6.126761773744309]],[[-0.2668131101813151,5.992135006973495],[-0.2611,6.0001],[-0.2613271858167162,6.000501041629509],[-0.2668131101813151,5.992135006973495]],[[-0.2918019086245974,6.048861660503399],[-0.2931,6.0379],[-0.26274838594741046,6.003009826836744],[-0.27986913267413976,6.033232365659514],[-0.2825,6.0322],[-0.2918019086245974,6.048861660503399]],[[-0.23729380063402608,6.063459704121169],[-0.2317,6.0271],[-0.2351772936282023,6.066393417998686],[-0.23729380063402608,6.063459704121169]],[[-0.11743302013971169,5.945022927815678],[-0.1179,5.9419],[-0.0642,6.007],[-0.11743302013971169,5.945022927815678]],[[-0.1029,6.2218],[-0.0709,6.219],[-0.08510388771881357,6.23409163070124],[-0.0894,6.2279],[-0.1029,6.2218]],[[-0.1144,6.2535],[-0.11997081545064378,6.245422317596566],[-0.1029,6.2218],[-0.1144,6.2535]],[[-0.0171,6.3321],[0.0022,6.5361],[0.0021718357956702736,6.536101868033961],[-0.0171,6.3321]],[[-0.3565741935483869,6.283729032258065],[-0.35393850525717535,6.282051776072748],[-0.34350941597139506,6.286743980929678],[-0.3565741935483869,6.283729032258065]],[[-0.29732734677527034,6.2997702797436235],[-0.29113278695937217,6.296752826637426],[-0.301584551620196,6.322386680482292],[-0.29732734677527034,6.2997702797436235]],[[-0.2767019631171923,6.2897233789411064],[-0.2668,6.2849],[-0.25515350061481673,6.300552301721488],[-0.2767019631171923,6.2897233789411064]],[[-0.25006726098985566,6.303108330771596],[-0.249185681426107,6.3006399079931],[-0.2469,6.3047],[-0.25006726098985566,6.303108330771596]],[[-0.24149897311990345,6.27911712473573],[-0.2351,6.2612],[-0.22607502072934757,6.264782434519648],[-0.24149897311990345,6.27911712473573]],[[0.07294048653555232,6.17763769440242],[0.0718,6.1858],[0.0513,6.1987],[0.07294048653555232,6.17763769440242]],[[0.0687,6.1521],[0.07667281653845788,6.150925920852213],[0.074549154637252,6.166124677596138],[0.0687,6.1521]],[[-0.0442,6.159],[-0.06943223184308152,6.146334794133239],[-0.068,6.1439],[-0.0442,6.159]],[[-0.0372,6.1307],[-0.03188262629054244,6.126938600785676],[-0.0442,6.159],[-0.0372,6.1307]],[[0.008555277046862016,6.102804197301778],[-0.01680681358868189,6.116274285439322],[0.0021,6.1029],[0.008555277046862016,6.102804197301778]],[[-0.2048,6.4766],[-0.3065,6.3485],[-0.3060598951617661,6.346161943046882],[-0.1968,6.4847],[-0.19789896907216492,6.487767122774133],[-0.2048,6.4766]],[[-0.15234650108057105,7.058336103755111],[-0.1476,7.1059],[-0.1529,7.059],[-0.15234650108057105,7.058336103755111]]]}},{"type":"Feature","properties":{"name":"Greater Accra","district_count":29},"geometry":{"type":"Polygon","coordinates":[[[-0.2298,5.7532],[-0.225,5.74],[-0.18654422336703755,5.787379724798985],[-0.1858,5.7913],[-0.1723,5.814],[-0.15204190994557154,5.813103263619321],[-0.1647,5.8394],[-0.1299,5.8528],[-0.1222,5.8802],[-0.0063,5.9711],[-0.0137,6.0013],[0.0058,6.012],[0.019,6.0618],[0.0404,6.0478],[0.0898,6.0628],[0.1468,6.1091],[0.2478,6.1057],[0.2955,6.0573],[0.3378,6.0472],[0.3487,6.0222],[0.3297,5.9966],[0.3531,5.9876],[0.3467,5.9594],[0.34541463962962426,5.954236772749507],[0.4343,5.974],[0.4501,6.0016],[0.4837,5.9925],[0.4847,5.9755],[0.499,5.991],[0.515,5.9829],[0.5084029498525073,5.980838421828909],[0.5221,5.9802],[0.551,5.9203],[0.559,5.9393],[0.5761,5.9328],[0.5888,5.9187],[0.5746,5.8999],[0.6315,5.8668],[0.6203,5.8343],[0.6462,5.8381],[0.6519,5.8052],[0.6861,5.7746],[0.4583,5.7888],[0.4603368206655699,5.79224935264417],[0.3511,5.785],[0.3441091864798869,5.948992833825986],[0.3408,5.9357],[0.3505,5.7897],[0.0673,5.6931],[0.0671149230426054,5.705222540709347],[0.0325,5.6564],[0.02595148096471989,5.660337229419972],[0.0042,5.6244],[-0.0453,5.6109],[-0.03243150192647441,5.679332478127431],[-0.032449115665862206,5.679325906847736],[-0.0526,5.6079],[-0.11681770671616604,5.6447089166385425],[-0.12734741380056325,5.640597052130651],[-0.0551,5.6082],[-0.0955,5.5805],[-0.1339,5.5633],[-0.1741,5.5498],[-0.1956,5.5438],[-0.2194,5.5308],[-0.22270383211678835,5.542253284671533],[-0.2211,5.5298],[-0.27380877255261743,5.526477641253072],[-0.2723,5.5189],[-0.4054,5.4704],[-0.416,5.5376],[-0.3999,5.5657],[-0.426,5.6043],[-0.4465,5.6309],[-0.4971,5.6466],[-0.5201,5.6958],[-0.5103,5.7362],[-0.48707882808396386,5.747597937863549],[-0.4926,5.7484],[-0.4439,5.7774],[-0.4374,5.8008],[-0.3921,5.7581],[-0.3847,5.7763],[-0.3664,5.7624],[-0.3466,5.7741],[-0.2746,5.8079],[-0.2565,5.7779],[-0.2334,5.7843],[-0.23180358390997413,5.748991032361781],[-0.2298,5.7532]],[[-0.0606,5.8453],[-0.06061384640154565,5.8445021011109315],[-0.0602,5.8454],[-0.005316226135565155,5.825524058049095],[-0.1222,5.8802],[-0.0606,5.8453]],[[-0.1,5.6166],[-0.10528045987660041,5.62119665931704],[-0.0955,5.5805],[-0.1,5.6166]],[[-0.23037300211225964,5.619980975643939],[-0.23630773463535587,5.626563919243587],[-0.2479,5.616],[-0.2639,5.6091],[-0.26684022988505746,5.626741379310345],[-0.2784859313938343,5.589965479808945],[-0.2635,5.6092],[-0.23037300211225964,5.619980975643939]],[[-0.1879,5.6671],[-0.18863691987118733,5.666279655237735],[-0.18050886246690315,5.664675433381626],[-0.2,5.7165],[-0.1879,5.6671]],[[-0.19629188989541607,5.657758084833405],[-0.1886,5.6253],[-0.19269058046437146,5.661767089671737],[-0.19629188989541607,5.657758084833405]],[[-0.2033,5.5881],[-0.2007,5.5872],[-0.1991,5.5854],[-0.19719748603351958,5.5843128491620115],[-0.19403627592325615,5.600470145281136],[-0.1962090450521736,5.600943993867761],[-0.2033,5.5881]],[[-0.2114,5.5769],[-0.2078,5.5804],[-0.2033,5.5881],[-0.2114,5.5769]],[[-0.21357174739212711,5.604730540654666],[-0.2171,5.6055],[-0.2201236277815239,5.603743852551135],[-0.2158,5.6032],[-0.2111,5.5724],[-0.2114,5.5769],[-0.21357174739212711,5.604730540654666]],[[-0.21159442350332597,5.570775465631929],[-0.18628726446281002,5.566501066115703],[-0.1903,5.572],[-0.18516106105668317,5.590855099720083],[-0.199,5.5751],[-0.201,5.5748],[-0.2055,5.5739],[-0.2111,5.5724],[-0.21159442350332597,5.570775465631929]],[[-0.1974241379310346,5.583154406130268],[-0.1983,5.5815],[-0.1983,5.5793],[-0.1991,5.5776],[-0.199,5.5751],[-0.1974241379310346,5.583154406130268]],[[-0.3109,5.603],[-0.33231780104712055,5.602143287958115],[-0.29332633047432,5.588808205022217],[-0.3109,5.603]],[[-0.2769,5.5536],[-0.2819922285577576,5.5796552361205265],[-0.28485761318625163,5.58196920652498],[-0.27769951035180157,5.546018436319123],[-0.2769,5.5536]],[[-0.2485,5.5323],[-0.263,5.5568],[-0.2402,5.5763],[-0.2769,5.5536],[-0.2485,5.5323]],[[-0.22290644665642326,5.542955681742267],[-0.22290644665642334,5.542955681742267],[-0.2485,5.5323],[-0.22290644665642326,5.542955681742267]],[[-0.3195,5.6557],[-0.357,5.6091],[-0.35699808917197423,5.609114861995756],[-0.3571,5.6085],[-0.35649389523407143,5.605890667617867],[-0.3195,5.6557]],[[-0.2682031963470319,5.634919178082192],[-0.2689,5.6391],[-0.3195,5.6557],[-0.2682031963470319,5.634919178082192]],[[-0.3509622138305405,5.583409889072457],[-0.35138919585594475,5.583914504193389],[-0.3512,5.5831],[-0.3509622138305405,5.583409889072457]],[[-0.3434,5.6017],[-0.35017649815393354,5.584433854018744],[-0.33672277834525016,5.60196708886619],[-0.3434,5.6017]],[[-0.2153,5.5586],[-0.22011941309255076,5.548575620767495],[-0.20497141001446048,5.557292867821867],[-0.21242964545742327,5.56803116492561],[-0.2153,5.5586]],[[-0.2297,5.6202],[-0.22820538922155426,5.622231736526949],[-0.23016704931972878,5.620048001700679],[-0.2297,5.6202]],[[-0.3499850877865522,5.663660428326816],[-0.3498,5.6651],[-0.4009,5.6869],[-0.3499850877865522,5.663660428326816]],[[-0.1404,5.6355],[-0.1516,5.6859],[-0.16227768363381537,5.686116805759062],[-0.1517,5.6597],[-0.15529450515142054,5.659686637527318],[-0.13901292467658077,5.620092794099867],[-0.1404,5.6355]],[[-0.11689951962323435,5.631311092621664],[-0.12749890412608628,5.640537894958679],[-0.1404,5.6355],[-0.11689951962323435,5.631311092621664]],[[-0.1575,5.6291],[-0.1764,5.623],[-0.1381169015072113,5.6101400444339475],[-0.1381777294652744,5.610815702675818],[-0.1575,5.6291]],[[-0.005748053798369956,5.679396247221748],[0.0038,5.6643],[0.017656634080706703,5.665324420418418],[-0.005748053798369956,5.679396247221748]],[[-0.0779,5.6747],[-0.10743703703703665,5.693603703703704],[-0.0974,5.6839],[-0.0646,5.6651],[-0.07412583977435055,5.681195384446316],[-0.0779,5.6747]],[[-0.0587,5.697],[-0.0506,5.7193],[-0.0138,5.719],[-0.0503,5.7222],[-0.06562546599138518,5.695824650920623],[-0.05275893909626752,5.689502946954813],[-0.0587,5.697]],[[-0.061220759622552315,5.809528726750423],[-0.0614,5.7992],[-0.0012,5.7413],[-0.061220759622552315,5.809528726750423]],[[0.0669612229206712,5.715289898696036],[0.0669,5.7193],[-0.0012,5.7413],[0.0669612229206712,5.715289898696036]],[[-0.12444677366280492,5.807835541661871],[-0.171,5.7079],[-0.16686421599204274,5.697571254446449],[-0.1286,5.7948],[-0.1245,5.7101],[-0.12056802841456114,5.706298610496734],[-0.12444677366280492,5.807835541661871]],[[-0.1249,5.8197],[-0.14315939857926308,5.812710073981376],[-0.12460160194772753,5.811888602098289],[-0.1249,5.8197]],[[0.0069,5.8211],[0.0719,5.8272],[0.005583710817531834,5.821576688928972],[0.0069,5.8211]],[[0.498292402900291,5.977678875906341],[0.4974,5.9774],[0.4906,5.8435],[0.498292402900291,5.977678875906341]]]}},{"type":"Feature","properties":{"name":"Northern","district_count":16},"geometry":{"type":"Polygon","coordinates":[[[-0.2182,9.1085],[-0.282,9.1378],[-0.324,9.2093],[-0.3908,9.2354],[-0.4263,9.2227],[-0.5071,9.2586],[-0.5195,9.2822],[-0.5623,9.2863],[-0.5944,9.3287],[-0.627,9.307],[-0.7145,9.3262],[-0.694,9.2782],[-0.8059,9.3189],[-0.8328,9.2973],[-0.9598,9.3036],[-0.9562052502234136,9.33844142091153],[-0.9567,9.3353],[-1.0196,9.3133],[-1.0136,9.3297],[-1.0407,9.3448],[-1.0995,9.3092],[-1.1721,9.3212],[-1.2425,9.2848],[-1.2684,9.3276],[-1.2431,9.4194],[-1.2813,9.5099],[-1.3736,9.6095],[-1.3146,9.6533],[-1.3501,9.7297],[-1.3478,9.8055],[-1.3087,9.8011],[-1.3076,9.823],[-1.2742,9.8018],[-1.2378,9.828],[-1.2131,9.7984],[-1.1816,9.7971],[-1.1727651279159916,9.783726428923815],[-1.1744,9.7897],[-1.1601,9.8565],[-1.1822,9.898],[-1.1785,9.9496],[-1.1076,9.9273],[-1.1421,9.98],[-1.227,10.008],[-1.2414,10.0355],[-1.2102,10.0884],[-1.1262,10.1154],[-1.1107,10.1871],[-1.0579,10.1576],[-1.0862,10.1523],[-1.0889,10.1222],[-1.0136,10.0952],[-1.0262,10.0601],[-0.9876,9.9996],[-1.0022,9.965],[-0.9798,9.9405],[-1.018,9.9187],[-1.0178422831664022,9.918415168106486],[-0.98,9.9398],[-0.9623,9.9906],[-0.9403,9.99],[-0.9378,10.0115],[-0.9215,10.0002],[-0.8818,10.0597],[-0.8647,10.0557],[-0.8544,10.1281],[-0.8212,10.1182],[-0.8035,10.1555],[-0.7829,10.1419],[-0.764,10.1651],[-0.7116,10.1629],[-0.7142,10.1828],[-0.6829,10.1897],[-0.6484,10.1219],[-0.6627,10.1859],[-0.5958,10.1617],[-0.5476,10.2105],[-0.5343,10.2671],[-0.5219,10.234],[-0.514,10.2482],[-0.499,10.2374],[-0.506,10.3131],[-0.4815,10.3263],[-0.4553,10.3017],[-0.3859,10.2979],[-0.3595,10.2617],[-0.3157,10.2908],[-0.2694,10.2762],[-0.2383,10.2878],[-0.203,10.2658],[-0.1365,10.2936],[-0.11635292509567968,10.24793329688354],[-0.1311,10.292],[-0.094,10.2694],[-0.0882,10.295],[-0.0248,10.2712],[-0.019,10.3286],[0.0484,10.3398],[0.091,10.2435],[0.0609,10.1801],[0.1115,10.1307],[0.1246,10.0289],[0.1094,10.005],[0.0637,9.9997],[0.0712,9.9656],[0.03222633928585815,9.953966071428614],[0.099,9.9733],[0.1301,9.9567],[0.1554,9.9861],[0.2335,9.9563],[0.3038,9.9772],[0.325,9.944],[0.3657,9.9322],[0.3187,9.7277],[0.3458,9.7145],[0.3506,9.6759],[0.382,9.6449],[0.3827,9.5907],[0.3518,9.5727],[0.2399,9.5747],[0.243,9.524],[0.29,9.5236],[0.3104,9.5042],[0.267,9.4789],[0.2294,9.4875],[0.2469,9.4383],[0.2314013678030013,9.43603506418833],[0.23003748261118762,9.432371534009421],[0.2874,9.4305],[0.3376,9.4519],[0.359,9.4988],[0.4156,9.5025],[0.4903,9.4862],[0.5006,9.4374],[0.5666,9.4056],[0.5598,9.3057],[0.5397,9.3063],[0.508,9.2546],[0.5391,9.2135],[0.503,9.1539],[0.4769,9.1443],[0.4859,9.0987],[0.4563,9.0551],[0.5276,8.8778],[0.4962,8.8401],[0.4916,8.8009],[0.4687,8.7921],[0.4478,8.8108],[0.4256,8.7799],[0.38575943602998514,8.792818822330412],[0.3789,8.7718],[0.4013,8.7579],[0.3744,8.7548],[0.375,8.7357],[0.3463,8.7409],[0.3582,8.7186],[0.3007,8.7262],[0.2979,8.7425],[0.2813,8.7241],[0.2316,8.7534],[0.186,8.7406],[0.1672,8.7735],[0.1813,8.7128],[0.1359,8.6535],[0.1709,8.596],[0.112,8.5968],[0.0828,8.5258],[0.08210359760145548,8.525943718090938],[0.1208,8.4854],[0.0816,8.4608],[0.0865,8.4032],[0.1248,8.3828],[0.2075,8.4101],[0.2443,8.3865],[0.2353,8.3438],[0.1858,8.3264],[0.1939,8.2533],[0.1232,8.2324],[0.1299,8.2146],[0.0786,8.2231],[0.1044,8.239],[0.0806,8.28],[0.0106,8.2976],[-0.048,8.3521],[-0.1103,8.3359],[-0.1255,8.2724],[-0.1427,8.2721],[-0.1871,8.358],[-0.2783,8.3197],[-0.3259,8.3369],[-0.3066,8.3581],[-0.253,8.3517],[-0.2188,8.4555],[-0.2428,8.4727],[-0.1951,8.4833],[-0.2082,8.4946],[-0.2005,8.5456],[-0.19784068199841376,8.54575685963521],[-0.2342,8.5722],[-0.3124,8.5274],[-0.336,8.5312],[-0.3637,8.5815],[-0.34879096669018544,8.588434585240442],[-0.3582,8.5994],[-0.3715,8.587],[-0.4111,8.599],[-0.4214,8.6501],[-0.4321,8.6418],[-0.4537,8.6756],[-0.4851,8.6825],[-0.4861,8.7265],[-0.4309,8.7165],[-0.4122,8.7339],[-0.4124,8.7081],[-0.3874,8.7088],[-0.3537,8.7544],[-0.3145,8.7507],[-0.2952,8.8103],[-0.3211,8.8193],[-0.3429,8.865],[-0.2997,8.8608],[-0.302,8.8857],[-0.2439,8.9086],[-0.2365,8.9401],[-0.2005,8.9475],[-0.2184,9.0328],[-0.2037687057030529,9.106346639332655],[-0.2182,9.1085]],[[-0.4726,9.5185],[-0.5044281864121278,9.503878926866928],[-0.5043,9.5037],[-0.4726,9.5185]],[[-0.10842690723671541,9.7941634634242],[-0.1122,9.7945],[-0.1121770274973895,9.793717020536025],[-0.10842690723671541,9.7941634634242]],[[-0.0251,9.7546],[-0.01435692599620439,9.748054269449716],[-0.0272,9.7644],[-0.026115211099840867,9.800395268050735],[-0.036647764064855176,9.796189315692223],[-0.0251,9.7546]],[[-0.0654,9.7488],[-0.06772907785433387,9.74519519608475],[-0.06446798429785859,9.748934136254897],[-0.0654,9.7488]],[[-0.12008234721207743,9.698190698806915],[-0.1027,9.7051],[-0.09751753590437383,9.711041848294728],[-0.12008234721207743,9.698190698806915]],[[-0.1752,9.6668],[-0.17297777557001642,9.664890352193135],[-0.17333848272841,9.66786017446391],[-0.1752,9.6668]],[[-0.1297,9.6277],[-0.089,9.6236],[-0.1488478784400685,9.644154550483664],[-0.1297,9.6277]],[[-0.04023525580722203,9.38136530139663],[-0.039,9.3816],[-0.03936378688524593,9.382747327868854],[-0.04023525580722203,9.38136530139663]],[[-0.033749165669224035,9.208347975779766],[-0.0222,9.2162],[-0.022569921706079136,9.218652865466463],[-0.033749165669224035,9.208347975779766]],[[-0.0568,9.1871],[-0.0453,9.1706],[-0.05345336498475182,9.190184887025229],[-0.0568,9.1871]],[[-0.103,9.1378],[-0.11145249738513555,9.12959250253907],[-0.0582,9.1221],[-0.103,9.1378]],[[-0.1837,10.1633],[-0.1142,10.2415],[-0.11441145777177852,10.242131870856499],[-0.1837,10.1633]],[[-0.4952,9.8023],[-0.4915,9.7835],[-0.49400445254701425,9.803246645082229],[-0.4952,9.8023]],[[-0.5235,9.5305],[-0.5046216697726427,9.504148997390981],[-0.5049246446215291,9.50902848706252],[-0.5235,9.5305]],[[-0.6119679195345151,9.527713608833558],[-0.611967919534515,9.527713608833558],[-0.5235,9.5305],[-0.6119679195345151,9.527713608833558]],[[-0.5702380039656314,9.419077131526768],[-0.5769479846211079,9.416020362561495],[-0.5757,9.4152],[-0.5773918655097613,9.398637527114968],[-0.5702380039656314,9.419077131526768]],[[-0.6080843985033385,9.518995339959925],[-0.5673067788924786,9.427452060307203],[-0.5654,9.4329],[-0.6080843985033385,9.518995339959925]],[[-0.9985932552471382,9.410709237504475],[-1.0683,9.5164],[-0.9997,9.4104],[-0.9985932552471382,9.410709237504475]],[[-0.9521669523025232,9.441221454739699],[-0.9924759845143267,9.412418474915114],[-0.9657,9.4199],[-0.9521669523025232,9.441221454739699]],[[-0.9494669538300888,9.403751062877602],[-0.9494,9.4044],[-0.9657,9.4199],[-0.9494669538300888,9.403751062877602]],[[-0.9085,9.5738],[-0.8832,9.5639],[-0.8909,9.485],[-0.8821154100257641,9.565605853060296],[-0.9085,9.5738]],[[-0.8166125118843885,9.477977885529569],[-0.8124,9.5147],[-0.8172005845761824,9.51813353069025],[-0.8208,9.4783],[-0.8166125118843885,9.477977885529569]],[[-0.7546,9.4865],[-0.7310953642384136,9.472892052980134],[-0.7514,9.4873],[-0.8044032076289556,9.477038708279151],[-0.7792,9.4751],[-0.7546,9.4865]],[[-0.5776,9.3966],[-0.533,9.3885],[-0.5775774127743387,9.39682111705121],[-0.5776,9.3966]],[[-0.6597816284306938,9.693258889764218],[-0.6247,9.6395],[-0.6596,9.6932],[-0.6597816284306938,9.693258889764218]],[[-0.5921,9.583],[-0.5924291899643094,9.583297173982743],[-0.6141,9.5325],[-0.6122020551505188,9.528239229072724],[-0.5921,9.583]],[[-1.004927852785279,9.894424682468248],[-1.0056321857170996,9.89426287625418],[-1.0048,9.8942],[-1.004927852785279,9.894424682468248]],[[-1.0241987328837119,9.88999758839158],[-1.0268,9.8894],[-1.021805584096494,9.88544288586107],[-1.0241987328837119,9.88999758839158]],[[0.0157,9.903],[0.024386762277833245,9.951625899187412],[0.0243,9.9516],[0.0157,9.903]],[[0.0332,9.2494],[-0.019713251026510992,9.256664221669787],[0.03742832149401302,9.239904821908182],[0.0332,9.2494]],[[0.0503,9.211],[0.044475577229299415,9.22407940552017],[0.050051676878426314,9.173751531763946],[0.0503,9.211]],[[0.02450843165184954,9.150079978387936],[0.05,9.166],[0.0500099929933074,9.16749894899611],[0.023,9.1518],[0.02450843165184954,9.150079978387936]],[[0.06812267353652542,9.101359028706193],[0.04667554798893245,9.124803447542032],[0.0672,9.1014],[0.06812267353652542,9.101359028706193]],[[0.1751528649452219,9.156518860485408],[0.1753,9.1485],[0.254,9.0804],[0.1751528649452219,9.156518860485408]],[[0.2847,9.0504],[0.1999,9.0398],[0.28637829279485993,9.049226999659506],[0.2847,9.0504]],[[0.3033,9.0374],[0.29055570018895654,9.046307306319546],[0.2958063145809414,9.023429629325898],[0.3033,9.0374]],[[0.2893,9.0113],[0.29358285704542336,9.019284469206111],[0.26446397188049336,9.020954130052724],[0.2893,9.0113]],[[0.22826788860628827,8.98383398208559],[0.2819,9.0063],[0.241,8.9982],[0.25594807078417736,9.021442427133934],[0.2532,9.0216],[0.22826788860628827,8.98383398208559]],[[0.3232,8.8662],[0.323178452012384,8.865916160990713],[0.32507109004738716,8.864496682464459],[0.3232,8.8662]],[[0.401,8.8222],[0.4022,8.8923],[0.389,8.8063],[0.3874985632993347,8.807666809397718],[0.38943395579501583,8.805592346782587],[0.401,8.8222]],[[-0.18071424525158336,8.546767060979674],[-0.1402979423587497,8.54915101300216],[-0.1629,8.5591],[-0.18071424525158336,8.546767060979674]],[[-0.05608151080756396,8.554118511708195],[-0.05478977832512402,8.554194704433497],[-0.0553,8.5543],[-0.05608151080756396,8.554118511708195]],[[-0.05396446375127707,8.5540243824541],[0.0454,8.5303],[0.07302872808548853,8.527816518823776],[-0.05396446375127707,8.5540243824541]],[[-0.029805423895483598,8.923770045655687],[-0.0348,8.926],[-0.029812824321559767,8.918271529081093],[-0.029805423895483598,8.923770045655687]],[[0.18454363796569098,8.964931459646998],[0.1837,8.9647],[0.188,8.9199],[0.18454363796569098,8.964931459646998]],[[0.1745249052528628,9.190742663718977],[0.17484054905182447,9.173540076675566],[0.2197,9.2297],[0.175,9.1907],[0.1745249052528628,9.190742663718977]],[[0.186,9.3048],[0.2563,9.2889],[0.2561085524093283,9.289931472733414],[0.186,9.3048]],[[0.244992256657697,9.33920091050385],[0.2529618149565867,9.306885323499205],[0.24695618386900156,9.339242193032318],[0.2454,9.3387],[0.244992256657697,9.33920091050385]],[[0.22069165559854378,9.369054068256627],[0.21092981070952344,9.381046442219752],[0.2092,9.3764],[0.22069165559854378,9.369054068256627]],[[0.3240559447106039,9.366104669860672],[0.3501,9.3743],[0.36794104920653053,9.373907889028429],[0.368,9.3744],[0.3493,9.3749],[0.3240559447106039,9.366104669860672]],[[0.3747,9.3297],[0.3753831984272402,9.329970237734063],[0.3746041064378752,9.330362264913425],[0.3747,9.3297]],[[0.4669509022492089,9.336497750791072],[0.4669,9.3378],[0.46666055074699364,9.337906264461393],[0.4669509022492089,9.336497750791072]],[[0.4067,9.243],[0.4681,9.3071],[0.4679234867880779,9.31161579633834],[0.4067,9.243]],[[0.398,9.18],[0.4439,9.131],[0.398095064418255,9.180688397511501],[0.398,9.18]],[[0.379,9.124],[0.3780744954128436,9.121815045871559],[0.4439,9.131],[0.379,9.124]],[[0.3693,9.1011],[0.36476175438596475,9.049193815789472],[0.3736709647075221,9.1114190816291],[0.3693,9.1011]],[[0.3629,9.0279],[0.3921,9.0334],[0.363262423126496,9.0320452145093],[0.3629,9.0279]],[[0.08194352520507607,9.577874220009814],[0.0802,9.6203],[0.0803,9.578],[0.08194352520507607,9.577874220009814]],[[0.1493,9.5643],[0.14607200709501328,9.564885163646967],[0.15240996744039503,9.55705377586388],[0.1493,9.5643]],[[0.1593,9.541],[0.1560301864198809,9.548618665641678],[0.14884779430593387,9.49692567451172],[0.1593,9.541]],[[0.15937604872659902,9.44721562042815],[0.14286251934595975,9.453848554729372],[0.1423,9.4498],[0.15937604872659902,9.44721562042815]]]}},{"type":"Feature","properties":{"name":"North East","district_count":6},"geometry":{"type":"Polygon","coordinates":[[[0.325,9.944],[0.3038,9.9772],[0.2335,9.9563],[0.1554,9.9861],[0.1301,9.9567],[0.1271,9.9717],[0.0712,9.9676],[0.0637,9.9997],[0.1095,10.0051],[0.1244,10.0388],[0.1113,10.131],[0.0609,10.1801],[0.091,10.2435],[0.0562,10.3072],[0.0484,10.3398],[-0.0068,10.3305],[-0.0093,10.3491],[-0.0248,10.2712],[-0.0726,10.2952],[-0.0882,10.295],[-0.0936,10.2695],[-0.1493,10.2952],[-0.203,10.2658],[-0.2383,10.2878],[-0.2694,10.2762],[-0.3099,10.291],[-0.3595,10.2617],[-0.3859,10.2979],[-0.4553,10.3017],[-0.484,10.3275],[-0.5057,10.3078],[-0.5104863657660471,10.31005794158988],[-0.499,10.2374],[-0.514,10.2482],[-0.5219,10.234],[-0.5343,10.2671],[-0.5476,10.2105],[-0.5991,10.1602],[-0.6435,10.1901],[-0.694,10.1885],[-0.7182,10.1789],[-0.7116,10.1629],[-0.764,10.1651],[-0.7834,10.1419],[-0.804,10.1552],[-0.8212,10.1182],[-0.8544,10.1281],[-0.8647,10.0557],[-0.8818,10.0597],[-0.9215,10.0002],[-0.9378,10.0115],[-0.9403,9.99],[-0.9623,9.9906],[-0.9921,9.9435],[-0.988,10.0015],[-1.0267,10.0629],[-1.012,10.0929],[-1.0927,10.1271],[-1.0654534618002476,10.161820210664912],[-1.1107,10.1871],[-1.1262,10.1154],[-1.2102,10.0884],[-1.2376,10.0264],[-1.2877,10.0355],[-1.3696,10.0946],[-1.4674,10.1036],[-1.5463,10.0705],[-1.5574,10.0978],[-1.5877,10.0779],[-1.6007,10.133],[-1.6603,10.1662],[-1.5703,10.3554],[-1.4048,10.4839],[-1.3629,10.4371],[-1.3813,10.3904],[-1.3264,10.3321],[-1.269,10.3255],[-1.2482,10.2746],[-1.2111,10.3241],[-1.232,10.387],[-1.1656,10.4126],[-1.1103,10.476],[-1.072,10.484],[-1.0601,10.463],[-1.0718,10.4904],[-1.0205,10.5335],[-0.9658,10.5369],[-0.9109,10.526],[-0.9348,10.4864],[-0.9227,10.4824],[-0.8906,10.5185],[-0.9092,10.5759],[-0.8746,10.5953],[-0.8433,10.5746],[-0.8378,10.6012],[-0.7959,10.6217],[-0.7896,10.6526],[-0.7122,10.6416],[-0.7182,10.6056],[-0.6857,10.5676],[-0.7157,10.5294],[-0.6899,10.5425],[-0.6676,10.527],[-0.6497,10.5519],[-0.58,10.5487],[-0.554,10.5717],[-0.516,10.5605],[-0.4972,10.624],[-0.4436,10.5997],[-0.2443,10.6437],[-0.0904,10.7119],[-0.0593,10.6324],[0.0413,10.6016],[0.0604,10.5616],[0.1426,10.5266],[0.1934495508728318,10.398330862663126],[0.2172,10.4265],[0.298,10.4095],[0.29,10.3767],[0.3378,10.325],[0.3186,10.3086],[0.396,10.3142],[0.3622,10.2629],[0.3502,10.168],[0.3553,10.0918],[0.4173,10.059],[0.4104,10.0217],[0.3602,10.0294],[0.359,9.9871],[0.3842,9.9515],[0.3651,9.9321],[0.325,9.944]],[[0.157,10.3551],[0.1646374913374902,10.364158419958418],[0.13686008142053047,10.345529542659161],[0.157,10.3551]],[[-0.5903,10.3482],[-0.587485180946932,10.34715162351595],[-0.6177,10.4218],[-0.5903,10.3482]],[[-1.0809,10.4212],[-1.0572085060853282,10.369220155142436],[-1.053,10.3738],[-1.0809,10.4212]],[[-1.0143,10.2144],[-1.0051433920129238,10.198516088185684],[-1.0042,10.1988],[-1.0143,10.2144]],[[-0.1805,10.3746],[-0.18044246552137472,10.37457516705063],[-0.2124,10.4363],[-0.1805,10.3746]],[[-0.2191,10.5252],[-0.2204983891752577,10.538548260309279],[-0.2226,10.5358],[-0.2124,10.4363],[-0.2191,10.5252]]]}},{"type":"Feature","properties":{"name":"Oti","district_count":9},"geometry":{"type":"Polygon","coordinates":[[[0.6169,7.1616],[0.6056,7.1575],[0.5921,7.1137],[0.6118,7.1059],[0.6147,7.0952],[0.5971,7.06],[0.6027,7.0232],[0.5952,7.0024],[0.5719,7.0116],[0.5719,7.0225],[0.5534,7.0286],[0.5554,7.0394],[0.5445,7.0456],[0.5009,7.0502],[0.5026,7.061],[0.4345,7.0549],[0.4349,7.0696],[0.3962,7.0839],[0.3876,7.0639],[0.3697,7.0646],[0.3648,7.0504],[0.3285,7.0892],[0.2245,7.0994],[0.2427,7.127],[0.2353,7.167],[0.1823,7.1796],[0.215,7.31],[0.2084,7.3509],[0.1241,7.4064],[0.091,7.4293],[0.0771,7.4821],[0.0094,7.5784],[-0.0143,7.6261],[-0.0152,7.684],[0.0041,7.7424],[-0.111,7.7602],[-0.1362,7.8249],[-0.1349,7.9485],[-0.1738,7.9574],[-0.1442,8.0055],[-0.14582785728897002,8.035743874895076],[-0.1732,8.0246],[-0.2406,8.0496],[-0.2949,8.1173],[-0.3847,8.1528],[-0.3541,8.1662],[-0.3486,8.2017],[-0.3849,8.195],[-0.3875,8.2241],[-0.2807,8.2455],[-0.2594,8.2163],[-0.1731,8.2289],[-0.1694,8.2535],[-0.1242,8.273],[-0.1103,8.3359],[-0.0582,8.3523],[0.0106,8.2976],[0.0789,8.2817],[0.1044,8.239],[0.0795,8.2225],[0.1152,8.2291],[0.1446,8.1977],[0.1232,8.2324],[0.1939,8.2533],[0.1903,8.3334],[0.2884,8.334],[0.2275,8.3422],[0.2443,8.3865],[0.223,8.4071],[0.1248,8.3828],[0.0865,8.4032],[0.0816,8.4608],[0.1208,8.4854],[0.0827,8.5266],[0.1083,8.5909],[0.1723,8.6004],[0.1359,8.6535],[0.1813,8.7128],[0.1672,8.7735],[0.1856,8.7408],[0.2316,8.7534],[0.2818,8.724],[0.2979,8.7425],[0.3007,8.7262],[0.3582,8.7186],[0.3463,8.7409],[0.3835,8.7406],[0.4717,8.5997],[0.471093465178256,8.599337558460178],[0.6453,8.4938],[0.6518,8.422],[0.6961,8.4043],[0.7101,8.3519],[0.7294,8.3411],[0.7264,8.2815],[0.6389,8.2606],[0.6191,8.2151],[0.59,8.2077],[0.6139,8.1801],[0.585,8.0933],[0.5986,8.027],[0.6221,8.0145],[0.6251,7.901],[0.5629,7.9204],[0.6198,7.9005],[0.631,7.7686],[0.6114,7.7528],[0.6301,7.7062],[0.5907,7.703],[0.586,7.6239],[0.5184,7.5923],[0.5214,7.5201],[0.5189,7.4608],[0.5384,7.4223],[0.5731,7.3947],[0.6196,7.4133],[0.6414,7.4018],[0.6589,7.3166],[0.6442,7.263],[0.6313,7.1964],[0.6172,7.1825],[0.6169,7.1616]],[[0.1783,8.1942],[0.2716,8.2043],[0.1446,8.1977],[0.1783,8.1942]],[[0.42,7.5305],[0.4218,7.6884],[0.4198,7.5305],[0.5214,7.5201],[0.42,7.5305]],[[0.4445,7.6908],[0.3778,7.6916],[0.4218,7.6884],[0.4445,7.6908]],[[0.4485,7.7284],[0.442,7.8275],[0.4445,7.6908],[0.4485,7.7284]],[[0.5741,7.2878],[0.6063,7.2665],[0.6442,7.263],[0.5741,7.2878]],[[0.5629954298993031,7.268193493415957],[0.5717,7.2676],[0.5741,7.2878],[0.5629954298993031,7.268193493415957]],[[0.3677,7.1479],[0.3843778651312144,7.202818325766803],[0.34734119913315686,7.127510438237419],[0.3502,7.1265],[0.3677,7.1479]],[[0.4155,7.2661],[0.4096576887232066,7.254220633737186],[0.4179623681024662,7.266923284167998],[0.4155,7.2661]],[[0.4785059278723181,7.304270048015317],[0.4794,7.2923],[0.4486,7.2977],[0.4914,7.2901],[0.4785059278723181,7.304270048015317]],[[0.3901,7.5091],[0.3877,7.4651],[0.39138576121368895,7.51002644073983],[0.3901,7.5091]],[[0.5345079303576435,7.30460174615718],[0.5417,7.2714],[0.5348,7.3047],[0.5345079303576435,7.30460174615718]],[[0.5171,7.2397],[0.5193,7.2205],[0.5327344274892959,7.223140955831229],[0.5171,7.2397]],[[0.5380733764575711,7.224190492807899],[0.5427,7.2251],[0.5624245060949964,7.267185456073978],[0.5380733764575711,7.224190492807899]],[[0.484,7.8304],[0.4841665394741863,7.831039821421758],[0.4838108202559451,7.830386937589101],[0.484,7.8304]],[[0.5031130082157724,7.903829510633619],[0.4951447300377901,7.9016210324199445],[0.49991036646096654,7.8915254078918995],[0.5031130082157724,7.903829510633619]],[[0.24319244764291728,8.107310932319882],[0.2414,8.1069],[0.2415928376296647,8.106733512119977],[0.24319244764291728,8.107310932319882]],[[-0.0444,8.1018],[-0.04741868852459043,8.099081977663118],[0.0159,8.1048],[-0.0444,8.1018]],[[0.10468989405052946,8.071325050313524],[0.0865,8.072],[0.082473027493086,8.065827509354156],[0.10468989405052946,8.071325050313524]],[[0.303,8.1289],[0.3036991707889662,8.136001381738911],[0.294763024033027,8.125926652577775],[0.303,8.1289]],[[0.06672919208744418,7.833136426536828],[0.06725761799505224,7.772928899688735],[0.0778,7.7943],[0.0766,7.8329],[0.06672919208744418,7.833136426536828]],[[0.1186,8.0149],[0.07923798477423233,8.060868878301488],[0.0743,8.0533],[0.1186,8.0149]]]}},{"type":"Feature","properties":{"name":"Savannah","district_count":7},"geometry":{"type":"Polygon","coordinates":[[[-0.862,8.2724],[-0.9591,8.2511],[-0.979,8.2272],[-1.0219,8.2608],[-1.0397,8.2431],[-1.0405,8.166],[-1.0687,8.1292],[-1.0165,8.0176],[-1.0475,8.0301],[-1.107,7.9924],[-1.1579,7.9993],[-1.1565,8.0886],[-1.2665,8.2573],[-1.2803,8.3089],[-1.2527,8.3792],[-1.2585,8.4548],[-1.1946,8.494],[-1.1959,8.5115],[-1.1682,8.5086],[-1.1721,8.5353],[-1.146,8.5585],[-1.1445,8.6774],[-1.0755,8.7022],[-1.2108,8.6681],[-1.4057,8.774],[-1.4842,8.76],[-1.5108,8.6917],[-1.5315,8.681],[-1.6119,8.677],[-1.6584,8.6954],[-1.6932,8.6438],[-1.7334,8.6264],[-1.8132,8.6615],[-1.857,8.6516],[-1.8968,8.5528],[-1.8831,8.4802],[-1.9098,8.4385],[-1.9081,8.3976],[-1.8709,8.334],[-1.8029,8.3394],[-1.7699,8.3227],[-1.7466,8.2705],[-1.7728,8.2315],[-1.8951,8.2616],[-1.9617,8.1689],[-2.0442,8.1475],[-2.1357,8.1518],[-2.2134,8.2572],[-2.2887,8.2973],[-2.2988,8.3834],[-2.3663,8.4764],[-2.358,8.5216],[-2.4144,8.5731],[-2.4179,8.6128],[-2.543,8.7615],[-2.6289,8.7942],[-2.5963,8.8307],[-2.6229,8.8779],[-2.6182,8.9221],[-2.6513,8.944],[-2.6541,9.0074],[-2.7719,9.0324],[-2.7791,9.1373],[-2.7369,9.1595],[-2.7131,9.2104],[-2.6844,9.1917],[-2.7116,9.2102],[-2.6566,9.2556],[-2.7213,9.3129],[-2.6736,9.3874],[-2.6847,9.4874],[-2.7711,9.5751],[-2.7444,9.6422],[-2.6805,9.6316],[-2.5384,9.6779],[-2.5149,9.6938],[-2.5089,9.7458],[-2.4211,9.7724],[-2.0969,9.8137],[-2.0864,9.7855],[-2.0422,9.7797],[-1.9868,9.8251],[-1.7107,9.8219],[-1.6963,9.8872],[-1.7148,10.0122],[-1.686,10.0387],[-1.6736,10.0253],[-1.6672,10.0451],[-1.6349,10.0426],[-1.655,10.0746],[-1.6131,10.0691],[-1.5574,10.0978],[-1.5383,10.0714],[-1.4637,10.1033],[-1.3696,10.0946],[-1.3101,10.066],[-1.2877,10.0355],[-1.1421,9.98],[-1.1076,9.9273],[-1.1785,9.9496],[-1.1822,9.898],[-1.1601,9.8565],[-1.1743,9.7898],[-1.2148,9.7995],[-1.2383,9.8285],[-1.2736,9.802],[-1.3076,9.823],[-1.3087,9.8011],[-1.3515,9.7944],[-1.35,9.7295],[-1.3146,9.6533],[-1.3735,9.6086],[-1.2813,9.5099],[-1.2431,9.4194],[-1.2691,9.3307],[-1.2425,9.2848],[-1.2500786700786672,9.29207162909722],[-1.2421,9.2842],[-1.2420496960318337,9.28322111197082],[-1.228,9.2961],[-1.1721,9.3212],[-1.0995,9.3092],[-1.0407,9.3448],[-1.0136,9.3297],[-1.0196,9.3133],[-0.9626,9.3343],[-0.9598,9.3036],[-0.9279669028243172,9.287121029200573],[-0.9362,9.2963],[-0.8851,9.3104],[-0.8328,9.2973],[-0.8059,9.3189],[-0.694,9.2782],[-0.7145,9.3262],[-0.627,9.307],[-0.5944,9.3287],[-0.5663,9.2882],[-0.5195,9.2822],[-0.4896,9.2495],[-0.324,9.2093],[-0.282,9.1378],[-0.2026,9.1089],[-0.2184,9.0328],[-0.2005,8.9475],[-0.2365,8.9401],[-0.2439,8.9086],[-0.302,8.8857],[-0.2997,8.8608],[-0.344,8.8625],[-0.3211,8.8193],[-0.2953,8.8107],[-0.3145,8.7507],[-0.3537,8.7544],[-0.3874,8.7088],[-0.4124,8.7081],[-0.4106,8.7334],[-0.4309,8.7165],[-0.4739,8.7342],[-0.4902,8.7043],[-0.4844,8.6819],[-0.4178,8.646],[-0.4111,8.599],[-0.3715,8.587],[-0.3576,8.599],[-0.3355,8.5306],[-0.3122,8.5275],[-0.2777,8.5575],[-0.2696,8.5421],[-0.2347,8.5721],[-0.197,8.5527],[-0.2082,8.4946],[-0.1951,8.4833],[-0.2428,8.4727],[-0.2188,8.4555],[-0.253,8.3517],[-0.3066,8.3581],[-0.3265,8.339],[-0.2783,8.3197],[-0.1871,8.358],[-0.1427,8.2721],[-0.1696,8.2532],[-0.1686,8.2314],[-0.2243,8.2128],[-0.2594,8.2163],[-0.2807,8.2455],[-0.3782,8.2284],[-0.3897,8.1987],[-0.3486,8.2017],[-0.3541,8.1662],[-0.419,8.1528],[-0.5425,8.1876],[-0.7408,8.3355],[-0.7798,8.3355],[-0.8578,8.3285],[-0.862,8.2724]],[[-0.6002,8.9593],[-0.6702,8.9232],[-0.669794868938456,8.922577601070772],[-0.6002,8.9593]],[[-0.7369,9.1257],[-0.7242,8.9975],[-0.7223815004603171,8.998638769129219],[-0.7369,9.1257]],[[-0.871304694582136,9.226692257989853],[-0.8693,9.2237],[-0.8381,9.2191],[-0.871304694582136,9.226692257989853]],[[-2.3685416734587172,9.139801860765527],[-2.4036,9.1733],[-2.3694,9.1391],[-2.3685416734587172,9.139801860765527]],[[-2.259507817710263,9.154002769544276],[-2.259640492943589,9.154898327369224],[-2.2609595346177067,9.154896895184995],[-2.259507817710263,9.154002769544276]],[[-2.1178,9.035],[-2.112331535716263,9.033797852534997],[-2.1754,9.1022],[-2.1178,9.035]],[[-2.0467,8.997],[-2.008059192913943,9.043448028978126],[-2.0097,9.0432],[-2.0333,9.0137],[-2.0356525075987846,9.01418498817967],[-2.0467,8.997]],[[-1.8939478172936726,8.732393820424782],[-1.8961,8.7371],[-1.899752312366733,8.737672404870418],[-1.8939478172936726,8.732393820424782]],[[-2.4822,9.2097],[-2.4688369662593774,9.221293095496831],[-2.6069,9.1875],[-2.4822,9.2097]],[[-2.406221829849257,9.234767344243693],[-2.4063,9.2366],[-2.4130928293294955,9.234937348354544],[-2.406221829849257,9.234767344243693]],[[-2.0432,9.5838],[-2.0869,9.5644],[-2.028846292555551,9.58237602108686],[-2.0432,9.5838]],[[-1.9570680092887374,9.54450531106034],[-1.9676,9.5763],[-1.9576,9.5444],[-1.9570680092887374,9.54450531106034]],[[-1.9133567164179077,9.564164179104473],[-1.9132,9.5639],[-1.9561232629881522,9.544692329804388],[-1.9063224797975682,9.55455072239001],[-1.9133567164179077,9.564164179104473]],[[-1.8725,9.5549],[-1.8778935080498096,9.554705053925911],[-1.8669,9.5141],[-1.8725,9.5549]],[[-1.5413,9.32],[-1.585159532897028,9.277031518561376],[-1.5836,9.2759],[-1.5413,9.32]],[[-1.3878,9.368],[-1.4239,9.3266],[-1.387610236403778,9.36805981210856],[-1.3878,9.368]],[[-1.3437,9.3819],[-1.385158420385251,9.368832606726645],[-1.3410128695782675,9.37932173553409],[-1.3437,9.3819]],[[-2.0030380698434547,9.044207035953898],[-1.9132963505053462,9.048279821338568],[-1.9409,9.0536],[-2.0030380698434547,9.044207035953898]],[[-1.8445149454458893,9.035023263955766],[-1.8415210143807026,9.033769460337096],[-1.8418,9.0345],[-1.8445149454458893,9.035023263955766]],[[-1.3795300018911458,9.127782165740005],[-1.3742,9.129],[-1.365,9.1686],[-1.3795300018911458,9.127782165740005]],[[-1.3191,9.1556],[-1.3176910043668117,9.156275807860261],[-1.365,9.1686],[-1.3191,9.1556]],[[-1.3164603698150938,9.156866066966515],[-1.2528,9.1874],[-1.2448449139546776,9.207631453399216],[-1.3164603698150938,9.156866066966515]],[[-1.238937308543872,9.222655733826697],[-1.2366,9.2286],[-1.23966391184573,9.236795041322313],[-1.238937308543872,9.222655733826697]],[[-1.9398215011926316,9.769432245022246],[-1.886,9.6487],[-1.9203,9.7463],[-1.9398215011926316,9.769432245022246]],[[-1.9272,9.5875],[-1.925415680460841,9.58449214706256],[-1.886,9.6487],[-1.9272,9.5875]]]}},{"type":"Feature","properties":{"name":"Upper East","district_count":15},"geometry":{"type":"Polygon","coordinates":[[[-0.9391,11.0025],[-0.9165,11.0022],[-0.9238630483417754,10.958308581962665],[-0.8903,10.9819],[-0.9292,10.9297],[-0.9292418928989673,10.92549395294368],[-0.9124,10.9512],[-0.8229,11.0064],[-0.6537,10.9876],[-0.6712,10.9589],[-0.6455,10.953],[-0.6491885993485331,10.949942345276874],[-0.6256,10.938],[-0.6177329738587464,10.91080816275658],[-0.5932,10.9237],[-0.5688,10.9914],[-0.5447,10.975],[-0.4757,11.0353],[-0.4379,11.0304],[-0.4281,11.1142],[-0.3726,11.1231],[-0.36165410239481427,11.070716061460896],[-0.3534,11.0846],[-0.2822,11.0817],[-0.3387,11.0908],[-0.3226,11.1144],[-0.2734,11.1235],[-0.2897,11.1477],[-0.276,11.1748],[-0.218,11.1602],[-0.21780501983105757,11.158216076781011],[-0.1365,11.1398],[-0.1437,11.1136],[-0.0809,11.0841],[-0.018,11.1143],[0.0261,11.0355],[0.0328,10.9877],[-0.0061,10.9626],[-0.0222,10.8197],[-0.0718,10.7676],[-0.0929,10.7662],[-0.0712,10.7671],[-0.073,10.7199],[-0.26,10.6321],[-0.3429,10.6203],[-0.4165,10.6033],[-0.4998,10.6233],[-0.5202,10.5588],[-0.5573,10.5715],[-0.58,10.5487],[-0.6407,10.5556],[-0.6698,10.5258],[-0.6906,10.5426],[-0.7098,10.5237],[-0.6857,10.5676],[-0.7182,10.6056],[-0.7122,10.6416],[-0.7896,10.6526],[-0.7959,10.6217],[-0.8378,10.6012],[-0.8433,10.5746],[-0.8746,10.5953],[-0.9092,10.5759],[-0.8906,10.5185],[-0.9332,10.481],[-0.9089,10.5222],[-0.936,10.5265],[-1.0103,10.5375],[-1.066,10.4973],[-1.0663391184674784,10.49756548131454],[-1.1333,10.4582],[-1.1656,10.4126],[-1.232,10.387],[-1.2104,10.3297],[-1.2444,10.2754],[-1.269,10.3255],[-1.3264,10.3321],[-1.3817,10.3909],[-1.3624,10.435],[-1.3774,10.4667],[-1.4023,10.4847],[-1.4181,10.466],[-1.4466,10.4691],[-1.4671,10.4879],[-1.4571,10.5333],[-1.5664,10.5995],[-1.5573,10.7463],[-1.4782,10.7862],[-1.5287,10.7648],[-1.4961,10.7866],[-1.4918,10.834],[-1.4584,10.849],[-1.4479,10.9641],[-1.4228,11.0203],[-1.3772,10.9861],[-1.1817,10.9892],[-1.154441834394904,10.98625847133758],[-1.1539,10.9881],[-1.0003,11.0079],[-1.0678,10.9481],[-1.003,10.9984],[-0.9391,11.0025]],[[-0.2813,11.0424],[-0.2770389768880345,11.03961096669035],[-0.2822,11.0817],[-0.2813,11.0424]],[[-0.7460422722620262,10.855263357215966],[-0.7416191812819192,10.842239811552318],[-0.7396445601413604,10.843512457402499],[-0.7460422722620262,10.855263357215966]],[[-0.777893575418994,10.779230377094974],[-0.7668,10.7977],[-0.7565555229274923,10.798923221142987],[-0.7706768009031973,10.800137797383384],[-0.777893575418994,10.779230377094974]],[[-0.8025742871306304,10.761886382740265],[-0.7856,10.7664],[-0.7834804275663114,10.769928862615663],[-0.8025742871306304,10.761886382740265]],[[-0.945,10.6179],[-0.9454623823471814,10.618663050661024],[-0.9556416454622555,10.580424427480919],[-0.937538840717425,10.625228869224374],[-0.945,10.6179]],[[-0.9565,10.5772],[-0.9553867002518882,10.575486881612088],[-0.9563249341794369,10.577857638560724],[-0.9565,10.5772]],[[-1.1692,10.9361],[-1.1602478502644777,10.966525606944257],[-1.169564688298865,10.937649195893579],[-1.1692,10.9361]],[[-1.405,10.7271],[-1.4031654911582354,10.72075136265996],[-1.4017,10.7927],[-1.405,10.7271]],[[-1.297765640599002,10.824374310833296],[-1.3764,10.8119],[-1.4017,10.7927],[-1.297765640599002,10.824374310833296]],[[-1.2913,10.8254],[-1.2937236655872508,10.825015517210014],[-1.2411,10.7951],[-1.2913,10.8254]],[[-1.1666,10.921],[-1.1590781971541475,10.877725212198536],[-1.1587802968447274,10.877800908178799],[-1.1666,10.921]],[[-1.0013,10.872],[-1.0007096609056665,10.871729101688807],[-1.0179106014447172,10.931545855585842],[-1.0183,10.9312],[-1.0013,10.872]],[[-0.9609313182645055,10.852283928077595],[-0.9643542431100823,10.853902978922479],[-0.9834986938359235,10.833672723528606],[-0.9609313182645055,10.852283928077595]],[[-0.9304,10.8786],[-0.9304020574766656,10.878628875620791],[-0.9332080069977129,10.875147207643655],[-0.9294784663544234,10.878222941619294],[-0.9304,10.8786]],[[-0.7495547420051014,10.861714832254268],[-0.7502,10.8629],[-0.806,10.8277],[-0.8072355620155038,10.82820554748062],[-0.8258858895705514,10.80489263803681],[-0.7495547420051014,10.861714832254268]],[[-1.0826,10.6607],[-1.1133,10.6464],[-1.1119356870051234,10.643532491849092],[-1.0826,10.6607]],[[-1.0994101272999668,10.610926479973793],[-1.1771,10.6006],[-1.0961328625150768,10.60368535281409],[-1.0994101272999668,10.610926479973793]],[[-1.011461985032567,10.74500185794773],[-0.9952020139060881,10.821305633066402],[-0.9971,10.8193],[-1.0139,10.7467],[-1.011461985032567,10.74500185794773]],[[-0.6641025849335301,10.746114777119038],[-0.6637,10.7436],[-0.6413074483340478,10.744657553774779],[-0.6641025849335301,10.746114777119038]],[[-0.621096845566872,10.773384192714154],[-0.623,10.7737],[-0.6231866664852953,10.745513360720407],[-0.615,10.7459],[-0.621096845566872,10.773384192714154]],[[-0.5567,10.807],[-0.5772,10.7661],[-0.5769337155992758,10.765657071491864],[-0.5567,10.807]],[[-0.38985260881619077,11.023284334627114],[-0.37914976830398606,11.04128721037998],[-0.3899,11.0242],[-0.38985260881619077,11.023284334627114]],[[-0.3646,10.9574],[-0.3871,10.9701],[-0.3646701163169908,10.957240200021742],[-0.3646,10.9574]],[[-0.3889415299646335,10.842529929751466],[-0.3897929741680047,10.875263229125512],[-0.3963,10.8541],[-0.3889415299646335,10.842529929751466]],[[-0.35569597080477927,10.800934637499735],[-0.37079438429950395,10.813996314863207],[-0.3652,10.8052],[-0.35569597080477927,10.800934637499735]],[[-0.34909991560390075,10.811060174418605],[-0.3543020675341261,10.800309060429472],[-0.33433259062891274,10.791346855432856],[-0.34909991560390075,10.811060174418605]],[[-0.3365,10.8371],[-0.3418977600209585,10.825944629290019],[-0.2693,10.8878],[-0.3365,10.8371]],[[-0.1426,10.9678],[-0.14264144340892337,10.967872830696564],[-0.2079,10.9092],[-0.21874134615384577,10.917439423076923],[-0.2156,10.9136],[-0.2387,10.8828],[-0.1801,10.921],[-0.1426,10.9678]],[[-0.6749,10.7919],[-0.6826864638974454,10.792569716583925],[-0.6746127069319549,10.79024170077179],[-0.6749,10.7919]],[[-0.3295,10.65],[-0.3653,10.6829],[-0.3307645728366955,10.647197178115682],[-0.3295,10.65]],[[-0.3322,10.7885],[-0.33289753246876425,10.789431155783662],[-0.3758,10.7479],[-0.3322,10.7885]],[[-0.14912316138634932,10.994025627755333],[-0.14639361149930136,10.994922626729513],[-0.15251139768958039,11.007339658869952],[-0.14912316138634932,10.994025627755333]],[[-0.2313,10.9792],[-0.2129,10.961],[-0.2372,10.94],[-0.23408150417827328,10.936188505106777],[-0.2121,10.9603],[-0.2313,10.9792]],[[-0.21641449872542512,11.1440675245312],[-0.214,11.1195],[-0.1933,11.0352],[-0.21641449872542512,11.1440675245312]],[[-0.1638019885702461,11.030255731038762],[-0.1688,11.0404],[-0.1933,11.0352],[-0.1638019885702461,11.030255731038762]]]}},{"type":"Feature","properties":{"name":"Upper West","district_count":11},"geometry":{"type":"Polygon","coordinates":[[[-2.5149,9.6938],[-2.6984,9.6298],[-2.7464,9.6416],[-2.758,9.6801],[-2.7874,9.698],[-2.7905,9.7464],[-2.7268,9.8289],[-2.7626,9.8849],[-2.7432,9.9591],[-2.7823,10.027],[-2.7949,10.1753],[-2.7940890208735065,10.175725953522514],[-2.7592,10.2582],[-2.8502,10.3186],[-2.8314,10.3881],[-2.7721,10.4266],[-2.7590366111018683,10.430468009944892],[-2.8556,10.4486],[-2.8361,10.4734],[-2.859,10.4535],[-2.9404,10.6129],[-2.9055,10.6882],[-2.9377,10.7225],[-2.8933,10.7637],[-2.8892129838175453,10.750785028863442],[-2.8656,10.8841],[-2.8175,10.9238],[-2.8406,10.9675],[-2.834,11.0041],[-2.7674,11.0047],[-2.7671128401242675,11.004147622697511],[-2.769,11.01],[-2.6193,11.02],[-2.6249360524814596,10.9956710401217],[-2.618,11.0213],[-2.4523,11.0233],[-2.3602,11.0081],[-2.058,11.0175],[-2.0063,11.004],[-1.7434,11.0081],[-1.7445,11.038],[-1.5458,11.0402],[-1.5441,11.0102],[-1.4285,11.0111],[-1.4584,10.849],[-1.4946,10.8293],[-1.4997,10.7819],[-1.5573,10.7463],[-1.5735,10.6679],[-1.566,10.5986],[-1.4571,10.5333],[-1.4669,10.4868],[-1.434,10.4677],[-1.5703,10.3554],[-1.663409620180692,10.174070761127206],[-1.6603,10.1662],[-1.6007,10.133],[-1.5864,10.1005],[-1.5887,10.0774],[-1.655,10.0746],[-1.6287,10.0522],[-1.6386,10.0393],[-1.6672,10.0451],[-1.6736,10.0253],[-1.686,10.0387],[-1.7162,10.0091],[-1.6963,9.8872],[-1.7075,9.8239],[-1.9868,9.8251],[-2.0422,9.7797],[-2.0864,9.7855],[-2.0969,9.8137],[-2.487,9.7529],[-2.487962906270707,9.7811744295853],[-2.5149,9.6938]],[[-2.6151,10.0329],[-2.6148301621621624,10.032100864864866],[-2.569,10.0446],[-2.6151,10.0329]],[[-2.451909445231968,9.916386609047494],[-2.458304414267661,9.937223549822129],[-2.4811,9.9581],[-2.451909445231968,9.916386609047494]],[[-2.4533938622948277,9.893304213483145],[-2.4482,9.9043],[-2.4490999212612,9.907232243442744],[-2.4533938622948277,9.893304213483145]],[[-2.8883,10.7479],[-2.8508,10.7503],[-2.8885362679795348,10.74864660681533],[-2.8883,10.7479]],[[-2.7484,10.7397],[-2.7460146314450955,10.741102991919274],[-2.7491603925646695,10.74004888600026],[-2.7484,10.7397]],[[-2.6639,10.7894],[-2.6914,10.7794],[-2.6866,10.8124],[-2.6915,10.7796],[-2.7105,10.7729],[-2.702836614827856,10.766498819444445],[-2.6639,10.7894]],[[-2.653365448412408,10.75958523135587],[-2.6533,10.7596],[-2.6639,10.7894],[-2.653365448412408,10.75958523135587]],[[-2.7144,10.8488],[-2.720181945190759,10.850991330825723],[-2.7137498513759706,10.843584677342026],[-2.7144,10.8488]],[[-2.7301739009439285,10.88474598548381],[-2.7419,10.876],[-2.7341017695473253,10.867020219478738],[-2.7301739009439285,10.88474598548381]],[[-2.7246,10.9099],[-2.7280151379907096,10.907390919027234],[-2.7265417528791724,10.901137217776043],[-2.7246,10.9099]],[[-2.6313,10.9682],[-2.6307778325750086,10.968184937478124],[-2.6312241169823114,10.968527561693023],[-2.6313,10.9682]],[[-2.4898146605373292,10.913424155951168],[-2.494,10.9226],[-2.500912131546894,10.923680909460007],[-2.4898146605373292,10.913424155951168]],[[-2.4787,10.7902],[-2.476847901811018,10.788170133458058],[-2.4389,10.8018],[-2.4787,10.7902]],[[-2.4339,10.7411],[-2.4506,10.7769],[-2.4760106015127867,10.787252467282988],[-2.4339,10.7411]],[[-2.3876,10.701],[-2.401,10.7361],[-2.4019709034429204,10.73624755371473],[-2.3876,10.701]],[[-2.351718144225659,10.689952165458953],[-2.3513,10.692],[-2.3876,10.701],[-2.351718144225659,10.689952165458953]],[[-2.3593079059173956,10.552718356620382],[-2.3216371109298124,10.579472033919256],[-2.3238664274869167,10.583895092833085],[-2.3593079059173956,10.552718356620382]],[[-2.5274,10.5099],[-2.56953952291059,10.486376544805607],[-2.3744,10.542],[-2.3702155551525688,10.544971779256583],[-2.5274,10.5099]],[[-2.6014,10.4481],[-2.5751,10.4602],[-2.5772346278317153,10.463757713052859],[-2.6014,10.4481]],[[-2.6035,10.3735],[-2.5795,10.394],[-2.6034129780269106,10.376591351996408],[-2.6035,10.3735]],[[-2.460571847099217,10.159344475951219],[-2.4598,10.1601],[-2.4546404622013185,10.160625812769291],[-2.4577,10.1605],[-2.466,10.2421],[-2.460571847099217,10.159344475951219]],[[-2.5484495398355786,10.09261678806746],[-2.526,10.0953],[-2.4767031643976924,10.143554304335794],[-2.5484495398355786,10.09261678806746]],[[-2.5605929163787065,10.100802073255004],[-2.5511,10.0923],[-2.5503238583940635,10.092392765928997],[-2.5605929163787065,10.100802073255004]],[[-2.5864992440565318,10.122016703794324],[-2.5856,10.1206],[-2.582896753403568,10.113414154617079],[-2.5812513190520128,10.117719190404797],[-2.5864992440565318,10.122016703794324]],[[-2.6688,10.461],[-2.690869958065272,10.450651845388482],[-2.651401180053291,10.462338370765131],[-2.6688,10.461]],[[-2.7936003661695255,10.175982611413763],[-2.7414,10.2034],[-2.6915,10.1634],[-2.7423,10.205],[-2.7936003661695255,10.175982611413763]],[[-2.6142942053685556,10.165494730862093],[-2.6143,10.1656],[-2.6915,10.1634],[-2.6142942053685556,10.165494730862093]],[[-2.844178776184921,10.505909774045346],[-2.8035,10.5508],[-2.8444,10.5068],[-2.844178776184921,10.505909774045346]],[[-2.7350250791611734,10.612341235928467],[-2.735,10.6123],[-2.73486435390968,10.612444651639883],[-2.7350250791611734,10.612341235928467]],[[-2.7326,10.7122],[-2.702852109782185,10.646582189983313],[-2.6952996130458815,10.654636097291322],[-2.7055,10.6538],[-2.7326,10.7122]],[[-2.6298178480585257,10.661560738323017],[-2.6282,10.6615],[-2.6161210722550834,10.671276677809201],[-2.6298178480585257,10.661560738323017]],[[-2.5923065020559464,10.690552178492577],[-2.5899,10.6925],[-2.6077,10.7401],[-2.5923065020559464,10.690552178492577]],[[-2.4042,10.1627],[-2.4118668490089727,10.162384727704303],[-2.3969,10.1172],[-2.4065,10.1495],[-2.3543,10.2411],[-2.4042,10.1627]],[[-2.0817894260700394,10.314451673151751],[-2.0964,10.3343],[-2.0833,10.3137],[-2.0817894260700394,10.314451673151751]],[[-1.9823,10.3608],[-2.0229,10.3028],[-2.023224323974305,10.30287570969747],[-2.0229,10.3027],[-1.9823,10.3608]],[[-1.895,10.4144],[-1.895230690088633,10.414031818618541],[-1.8932518231445585,10.411636055548609],[-1.895,10.4144]],[[-2.3303,10.0227],[-2.3044,10.0523],[-2.30579541782457,10.052725377369104],[-2.3303,10.0227]],[[-2.4131670327355903,9.925010912865567],[-2.383,9.9367],[-2.3258,9.9773],[-2.4131670327355903,9.925010912865567]],[[-2.4540288320247217,9.933307924195125],[-2.4421,9.9138],[-2.4355140767083694,9.91635190597933],[-2.4540288320247217,9.933307924195125]],[[-2.185116275976725,10.463194613466333],[-2.1853,10.4619],[-2.182668941684666,10.462421771058315],[-2.185116275976725,10.463194613466333]],[[-2.146653631284917,10.451048515142606],[-2.1369,10.4409],[-2.1246597103918208,10.444103066439522],[-2.146653631284917,10.451048515142606]],[[-2.0780294285714307,10.429377714285716],[-2.075811070741611,10.427726843342594],[-2.0762,10.4288],[-2.0780294285714307,10.429377714285716]],[[-2.3082606785822484,10.57308759298529],[-2.2285,10.506],[-2.2693,10.5551],[-2.3082606785822484,10.57308759298529]]]}},{"type":"Feature","properties":{"name":"Volta","district_count":18},"geometry":{"type":"Polygon","coordinates":[[[0.4849,5.9755],[0.4837,5.9925],[0.4501,6.0016],[0.4343,5.974],[0.3439,5.9539],[0.3378,6.0472],[0.2955,6.0573],[0.2478,6.1057],[0.1426,6.1095],[0.0932,6.1546],[0.1278,6.2552],[0.1757,6.3027],[0.1697,6.3279],[0.3044,6.3336],[0.1727,6.3319],[0.2165,6.3844],[0.2057,6.4757],[0.2095,6.4012],[0.178,6.4242],[0.1946,6.5639],[0.1518,6.5778],[0.1044,6.5669],[0.1232,6.666],[0.1615,6.6832],[0.2037,6.7033],[0.2082,6.7575],[0.1925,6.7893],[0.1332,6.829],[0.1198,6.8704],[0.1478,6.9215],[0.23371469193276484,6.966265561894432],[0.2274,6.974],[0.1967,7.0675],[0.2245,7.0994],[0.3158,7.0959],[0.3431,7.0691],[0.3652937883230056,7.048869143026533],[0.3973153151664404,7.083055505487551],[0.3962,7.0839],[0.3648,7.0504],[0.3285,7.0892],[0.4271,7.2809],[0.5344,7.3051],[0.5417,7.2714],[0.5193,7.2205],[0.5427,7.2251],[0.5741,7.2878],[0.6442,7.263],[0.5921,7.1137],[0.6147,7.0952],[0.5952,7.0024],[0.5229,6.9734],[0.5259,6.9416],[0.5661,6.9208],[0.5572,6.8869],[0.5345,6.8774],[0.5328,6.8288],[0.5284299504304714,6.824732585442212],[0.5473,6.8344],[0.5798,6.8073],[0.5664,6.7829],[0.5817,6.7615],[0.6504,6.7376],[0.6364,6.6299],[0.6338959388026986,6.627438621664016],[0.6979,6.5884],[0.7424,6.589],[0.7489,6.5631],[0.7174,6.5275],[0.7492,6.4482],[0.782,6.4345],[0.7875,6.4134],[0.8619,6.3792],[0.8926,6.3355],[0.9632957901834187,6.3280328177721215],[0.964,6.335],[1.0044,6.3347],[1.0178,6.2697],[1.0663,6.219],[1.0782,6.1727],[1.0729106601289382,6.172578298374648],[1.0791,6.1712],[1.2002,6.1676],[1.1995,6.1127],[1.0818,6.0465],[1.0247759290768321,5.985776582703652],[1.0314,5.9827],[0.9599,5.8148],[0.924,5.7865],[0.8165,5.7696],[0.6992892483063471,5.775423103348869],[0.696,5.774],[0.6935881581844603,5.775706337066777],[0.6756,5.7766],[0.6891826385362863,5.778823167294056],[0.6519,5.8052],[0.6429,5.841],[0.6203,5.8343],[0.6315,5.8668],[0.5746,5.8999],[0.5888,5.9187],[0.5761,5.9328],[0.559,5.9393],[0.551,5.9203],[0.496,6.0084],[0.4978574766355137,6.008343925233645],[0.49609054233479727,6.009338068488554],[0.4849,5.9755]],[[0.4401777065286468,6.208607905027453],[0.4776,6.2597],[0.4753966402133282,6.259866605654946],[0.4377,6.209],[0.4401777065286468,6.208607905027453]],[[0.5013306670274136,6.175513402390592],[0.5032,6.1813],[0.4971,6.1996],[0.5013306670274136,6.175513402390592]],[[0.48654431176260216,6.132229081158384],[0.4875,6.1327],[0.4879828429893784,6.134194660463936],[0.48654431176260216,6.132229081158384]],[[0.4607,6.1303],[0.46112471020477913,6.119703480390761],[0.4753196078431377,6.126698067632851],[0.4607,6.1303]],[[0.5836,6.578],[0.5531,6.5916],[0.614826320336972,6.563043622421427],[0.5843012637703277,6.578689310410606],[0.5836,6.578]],[[0.6307535404360826,6.538004885874719],[0.6313,6.5546],[0.6307024015114053,6.554906300480556],[0.6307535404360826,6.538004885874719]],[[0.6309,6.4896],[0.6548,6.439],[0.6308881765185683,6.493507660613185],[0.6309,6.4896]],[[0.6767243932728901,6.326689677702931],[0.6893823005591281,6.316639680963104],[0.6898789119757156,6.317576212995299],[0.6771994236593595,6.32828452035491],[0.6767243932728901,6.326689677702931]],[[0.6135,6.305],[0.5897,6.2822],[0.6150122167457617,6.295729453862939],[0.6135,6.305]],[[0.421561414477001,6.259527313013804],[0.45671542428035117,6.261279173967459],[0.4247,6.2637],[0.42861077952148185,6.278189117571392],[0.421561414477001,6.259527313013804]],[[0.2667,6.668],[0.2901,6.6998],[0.2534,6.6624],[0.289085929301299,6.672885708367854],[0.2667,6.668]],[[0.30646322339202386,6.824930531821359],[0.3048,6.8242],[0.2901,6.6998],[0.30646322339202386,6.824930531821359]],[[0.3397,6.6374],[0.3919563357675937,6.798766980980656],[0.3478,6.6857],[0.34168819906240405,6.6843661050974665],[0.3531,6.6796],[0.3397,6.6374]],[[0.4020509728506787,6.87787891402715],[0.4064605395552314,6.843555800218739],[0.4113,6.8585],[0.4020509728506787,6.87787891402715]],[[0.3961,6.9242],[0.3965499206183414,6.920697915186964],[0.3980596661940556,6.922055672953043],[0.3961,6.9242]],[[0.4587969091245602,6.869357097908569],[0.45304748615725376,6.868251439645626],[0.4554,6.8657],[0.4587969091245602,6.869357097908569]],[[0.49772605555647587,6.794896410528234],[0.4988171950048033,6.7971705748521165],[0.4967,6.7952],[0.49772605555647587,6.794896410528234]],[[0.5232,6.7723],[0.5217598389802081,6.773490902381751],[0.5213838918792808,6.770325670338461],[0.5232,6.7723]],[[0.4968,6.7436],[0.5107371615121354,6.758751383916602],[0.4874928496809757,6.752799553205509],[0.4968,6.7436]],[[0.4622,6.7465],[0.46240158771796613,6.746665465063302],[0.4506,6.7785],[0.4622,6.7465]],[[0.34063891477117075,6.57565149355988],[0.3596,6.5845],[0.3399,6.5757],[0.34063891477117075,6.57565149355988]],[[0.4323,6.5444],[0.3945,6.5691],[0.39051946957056377,6.569498765123521],[0.4323978478917129,6.542247346382316],[0.4323,6.5444]],[[0.4818124012524777,6.555411895665163],[0.4638,6.5793],[0.4815,6.5535],[0.4818124012524777,6.555411895665163]],[[0.52,6.5974],[0.5093901140684411,6.598084508769778],[0.5242,6.572],[0.52,6.5974]],[[0.3902,6.3036],[0.417,6.2593],[0.4211159646528407,6.259505114517583],[0.3902,6.3036]],[[0.4164,6.3664],[0.41061406285810326,6.457484677127738],[0.4073,6.452],[0.4164,6.3664]],[[0.4352570846294109,6.498268157603061],[0.4392,6.5026],[0.43884023830163965,6.504198172160024],[0.4352570846294109,6.498268157603061]],[[0.2569,6.9356],[0.25820521064478535,6.936268785619642],[0.24851603652112803,6.9481363982207665],[0.2569,6.9356]],[[0.2738038608900678,6.917163056292367],[0.276,6.9059],[0.2817976613975058,6.907371991912451],[0.2738038608900678,6.917163056292367]],[[0.3395502436705099,6.917976583858315],[0.33721214574898783,6.902778947368421],[0.3551,6.923],[0.3395502436705099,6.917976583858315]],[[0.3371249628528975,6.902212258543833],[0.337,6.9014],[0.3575,6.9028],[0.3371249628528975,6.902212258543833]],[[0.5186128185074653,7.050866618093548],[0.5026,7.061],[0.4345,7.0549],[0.5186128185074653,7.050866618093548]],[[0.4132,7.0052],[0.3708,6.9801],[0.345,6.9426],[0.4132,7.0052]],[[0.7178144875671006,6.1542133337446785],[0.6721,6.1057],[0.7178078687251189,6.153659005728712],[0.7178144875671006,6.1542133337446785]],[[0.7551,6.0729],[0.7174,6.1195],[0.7546558621145231,6.072190968743463],[0.7551,6.0729]],[[0.7666199400495243,5.954880046917763],[0.7658,5.9548],[0.755877356082723,5.960948785902837],[0.7612,5.9274],[0.7666199400495243,5.954880046917763]],[[0.9928825209400749,6.047497220026716],[0.9928884287499276,6.0476063175819945],[0.8631,6.0697],[0.8916,6.1411],[0.8401,6.0374],[0.857,6.0681],[0.9928825209400749,6.047497220026716]],[[1.0217,6.1714],[1.0365,6.1405],[1.032728359580333,6.17165374986645],[1.0217,6.1714]],[[0.7180800925453367,5.78355301963186],[0.7202,5.7839],[0.7201427487553234,5.784445434155365],[0.7180800925453367,5.78355301963186]],[[0.7189191390012747,5.859076118162168],[0.7356072760072159,5.871828843754768],[0.7187,5.8694],[0.7189191390012747,5.859076118162168]],[[0.7743909351638827,5.881113037053663],[0.774433625218914,5.88111472854641],[0.7884,5.908],[0.7743909351638827,5.881113037053663]],[[1.0092359498727796,5.997505661902837],[1.0103,5.9925],[1.0122628962846076,5.991588323052646],[1.0092359498727796,5.997505661902837]],[[0.7878,6.3543],[0.7145,6.3421],[0.7108802913081232,6.335993005447225],[0.7625,6.3428],[0.7808,6.3496],[0.7927361095826938,6.3104082071182415],[0.788,6.3975],[0.7878,6.3543]],[[0.7486311445424383,6.421382528429231],[0.7485,6.4152],[0.788,6.3975],[0.7486311445424383,6.421382528429231]],[[0.7930333615704762,6.304942073342909],[0.787278089119481,6.268460564910372],[0.7934,6.2982],[0.7930333615704762,6.304942073342909]],[[0.7763145404691377,6.198964846689616],[0.7752,6.1919],[0.7847416919661061,6.187570388327519],[0.7763145404691377,6.198964846689616]],[[0.8056192641931618,6.178097039079981],[0.8098,6.1762],[0.810895305098071,6.180281649767171],[0.8056192641931618,6.178097039079981]],[[0.8310963466666668,6.2205601066666665],[0.8345492659053827,6.220833605220228],[0.8316,6.2223],[0.8310963466666668,6.2205601066666665]],[[0.8975,6.2784],[0.8853,6.1956],[0.8741,6.1636],[0.9002,6.2177],[0.8975,6.2784]]]}},{"type":"Feature","properties":{"name":"Western","district_count":14},"geometry":{"type":"Polygon","coordinates":[[[-2.1813,4.8156],[-2.2475,4.8553],[-2.2700435357641204,4.903184444579264],[-2.27,4.8996],[-2.5499016648865296,4.988594375502384],[-2.5643,4.9758],[-3.1086,5.0902],[-3.109,5.116],[-3.0634,5.122],[-2.9491,5.0841],[-2.9296,5.0967],[-2.9399,5.1252],[-2.8768,5.1281],[-2.8444,5.1073],[-2.8322,5.1214],[-2.7573,5.1007],[-2.7238,5.1409],[-2.7648,5.2169],[-2.7546,5.2532],[-2.7853,5.2856],[-2.7664,5.3052],[-2.7688,5.3566],[-2.6976,5.3427],[-2.6117,5.4165],[-2.5853,5.3779],[-2.585166428682401,5.377896900555061],[-2.6178,5.4255],[-2.5906,5.4648],[-2.5975,5.4861],[-2.5794,5.4863],[-2.5788,5.5137],[-2.6044,5.5265],[-2.5912,5.5464],[-2.5722,5.5419],[-2.5589,5.5817],[-2.5821,5.6232],[-2.5734,5.648],[-2.5531,5.6467],[-2.5807,5.6625],[-2.5635,5.6767],[-2.572,5.6904],[-2.551,5.6897],[-2.5813,5.7408],[-2.6074,5.7369],[-2.5712,5.7694],[-2.582,5.8078],[-2.5088,5.7773],[-2.5015,5.81],[-2.4827,5.802],[-2.486,5.8257],[-2.5206,5.8354],[-2.513,5.8652],[-2.4871,5.8699],[-2.5103,5.8991],[-2.4972,5.9172],[-2.5076,5.95],[-2.5572,5.9839],[-2.4893,6.0646],[-2.5087,6.0786],[-2.4979,6.0914],[-2.4709,6.1096],[-2.4517,6.0997],[-2.4386,6.1199],[-2.4253,6.0999],[-2.3747153371301515,6.072728809658481],[-2.3704,6.0976],[-2.2847,6.1019],[-2.2532,6.1377],[-2.2173,6.1419],[-2.2146,6.128470786516854],[-2.2146,6.1418],[-2.189,6.1472],[-2.1403,6.0912],[-2.0587,6.0715],[-2.0515,6.05],[-1.9444,5.9835],[-1.8797,5.8894],[-1.8162,5.8909],[-1.8447,5.805],[-1.8288,5.7865],[-1.8507,5.7676],[-1.801,5.7509],[-1.8166,5.7248],[-1.7845,5.7297],[-1.8099,5.6777],[-1.8562,5.6917],[-1.818,5.6747],[-1.8322,5.5924],[-1.8181,5.5404],[-1.8245,5.5932],[-1.6857,5.6423],[-1.6764,5.6081],[-1.6424,5.6167],[-1.5919,5.5633],[-1.594,5.5299],[-1.6154,5.5157],[-1.6017,5.4506],[-1.6288,5.422],[-1.4893,5.3992],[-1.3998,5.298],[-1.4441,5.2678],[-1.4463,5.2101],[-1.5099,5.2083],[-1.5251,5.1707],[-1.6069,5.1528],[-1.6127285923523882,5.145622540203004],[-1.5815,5.1549],[-1.5802,5.0331],[-1.6224,5.021],[-1.6432,4.9713],[-1.6730313280073519,4.965604050639373],[-1.742,4.9163],[-1.735,4.8815],[-1.78,4.886],[-1.829279543094496,4.935702180685357],[-1.82,4.9175],[-1.7674,4.8749],[-1.9125,4.8258],[-1.9763,4.7577],[-2.0921,4.7388],[-2.1148,4.7856],[-2.1701,4.792],[-2.1805057224246727,4.816376368272614],[-2.1813,4.8156]],[[-1.8538067618215022,5.189560086903082],[-1.8214,5.1736],[-1.7819,5.1317],[-1.8028,5.1649],[-1.8538027588649908,5.1895660741331655],[-1.8538067618215022,5.189560086903082]],[[-1.710558988344292,5.120942821279139],[-1.744,5.1364],[-1.7819,5.1317],[-1.710558988344292,5.120942821279139]],[[-1.9868733006113406,4.9409212174087696],[-1.9791938660375423,4.950100820596984],[-1.9886,4.9744],[-1.9868733006113406,4.9409212174087696]],[[-2.0262,4.9201],[-1.9867,4.9031],[-1.987232117747319,4.905439753036006],[-2.0262,4.9201]],[[-2.1685,5.8525],[-2.1677751362269997,5.850890001067005],[-2.1579,5.9599],[-2.1685,5.8525]],[[-2.1711,5.792],[-2.138395775884327,5.736501922712798],[-2.135,5.7499],[-2.1707581099500226,5.792247680347317],[-2.1711,5.792]],[[-2.1725,5.6037],[-2.155056607560812,5.624594758857637],[-2.165658410727125,5.6266928212433225],[-2.1725,5.6037]],[[-1.8659095125971275,5.224449658582529],[-1.854420573686958,5.205415018269494],[-1.8541,5.2231],[-1.8659095125971275,5.224449658582529]],[[-2.1644544316648306,5.269002502135668],[-2.1716611001583033,5.278069908805733],[-2.1713,5.2727],[-2.1644544316648306,5.269002502135668]],[[-2.0428,5.3706],[-2.0453513739224136,5.367206505926724],[-2.0386316122043695,5.368733724499007],[-2.0428,5.3706]],[[-1.9291,5.343],[-1.9308382388768952,5.342742153823887],[-1.92891888955615,5.338401807064476],[-1.9291,5.343]],[[-1.9273,5.2973],[-1.9281185991127223,5.318083321917447],[-1.9623,5.2522],[-1.9273,5.2973]],[[-1.9489,5.2053],[-1.9429108932443422,5.207689354926142],[-1.9623,5.2522],[-1.9489,5.2053]],[[-1.9031,5.2287],[-1.9155940486495078,5.218587413662139],[-1.8931083284628871,5.227558094681473],[-1.9031,5.2287]],[[-2.5011031031576865,5.375946259852277],[-2.4948,5.3758],[-2.4769,5.184],[-2.4945980126203944,5.383365720545414],[-2.5011031031576865,5.375946259852277]],[[-2.4794,5.4007],[-2.487469707287978,5.391495996506885],[-2.4558853347458234,5.387895576680932],[-2.4794,5.4007]],[[-2.1744,5.3188],[-2.2455357778097564,5.386882385954813],[-2.2112658953465196,5.332537598339802],[-2.2054,5.333],[-2.1744,5.3188]],[[-2.2702026279201024,4.916283032088432],[-2.2167926024167395,4.947926643088713],[-2.2703,4.9243],[-2.2702026279201024,4.916283032088432]],[[-2.3121259907254346,5.097995005778317],[-2.3164,5.1124],[-2.3462752674817073,5.114505032397085],[-2.3121259907254346,5.097995005778317]],[[-2.3542457875013274,5.118358510718999],[-2.3570439253327677,5.128294755263298],[-2.3564,5.1194],[-2.3542457875013274,5.118358510718999]],[[-2.362737247325169,5.206938509718334],[-2.358124155934563,5.24177149321267],[-2.3639,5.223],[-2.362737247325169,5.206938509718334]],[[-2.2656,5.4187],[-2.259737781638981,5.409403761177933],[-2.246137623681627,5.5372280305872446],[-2.2552,5.5221],[-2.2656,5.4187]],[[-2.235823754139896,5.554445207232604],[-2.219875487115367,5.562698435417798],[-2.2301,5.564],[-2.235823754139896,5.554445207232604]],[[-2.1849857039051144,5.558257020299095],[-2.1679,5.5477],[-2.1685958001939865,5.556170611057226],[-2.1849857039051144,5.558257020299095]],[[-2.386815043053498,5.440780136715026],[-2.3896,5.4377],[-2.3870678131520497,5.430574543986],[-2.386815043053498,5.440780136715026]],[[-2.4303775453414924,5.9913867059852],[-2.4313,5.9901],[-2.3075,5.872],[-2.4303775453414924,5.9913867059852]],[[-2.3797,6.044],[-2.3755624015449865,6.067846803998788],[-2.400034924775016,6.033710771595875],[-2.3797,6.044]],[[-1.8434,4.9634],[-1.8398841892087372,4.956503601909446],[-1.842218563267782,4.973749385774227],[-1.8434,4.9634]],[[-1.8409,4.9853],[-1.8414063693357896,4.980864204618483],[-1.8115,4.9786],[-1.8409,4.9853]],[[-1.7449,4.983],[-1.7396815611699012,5.014785036510602],[-1.7711,5.0444],[-1.744,5.0177],[-1.7449,4.983]],[[-1.7151243178656777,5.0504843456860575],[-1.7317,5.0472],[-1.7324226470588235,5.0433],[-1.7152068965517242,5.0433],[-1.7151243178656777,5.0504843456860575]],[[-1.6555638195681308,5.095522832155936],[-1.6853348951952052,5.1092836848902285],[-1.6845,5.103],[-1.7175,5.1041],[-1.6555638195681308,5.095522832155936]],[[-1.6997587843395296,5.054601028129627],[-1.699,5.0547],[-1.7175,5.1041],[-1.6997587843395296,5.054601028129627]],[[-1.6536304359220562,5.095255089522733],[-1.6489,5.0946],[-1.633535796003457,5.120000081354554],[-1.6536304359220562,5.095255089522733]]]}},{"type":"Feature","properties":{"name":"Western North","district_count":9},"geometry":{"type":"Polygon","coordinates":[[[-2.4972,5.9172],[-2.5103,5.8991],[-2.4871,5.8699],[-2.513,5.8652],[-2.5206,5.8354],[-2.486,5.8257],[-2.4827,5.802],[-2.5015,5.81],[-2.5088,5.7773],[-2.582,5.8078],[-2.5712,5.7694],[-2.6074,5.7369],[-2.5813,5.7408],[-2.551,5.6897],[-2.572,5.6904],[-2.5635,5.6767],[-2.5807,5.6625],[-2.5531,5.6467],[-2.5734,5.648],[-2.5821,5.6232],[-2.5589,5.5817],[-2.5722,5.5419],[-2.5912,5.5464],[-2.6044,5.5265],[-2.5788,5.5137],[-2.5796,5.4858],[-2.5975,5.4861],[-2.5906,5.4648],[-2.6041,5.4655],[-2.6205,5.4086],[-2.6976,5.3427],[-2.7206,5.3459],[-2.7478,5.4379],[-2.7753,5.6151],[-2.8584,5.6571],[-2.9345,5.6198],[-2.9667,5.6406],[-2.9527,5.716],[-3.0261,5.7097],[-3.0205,5.8571],[-3.0728,5.9825],[-3.1023,6.1519],[-3.1309,6.2081],[-3.1548,6.2522],[-3.1743,6.2516],[-3.177,6.3129],[-3.17251212390504,6.317485438618763],[-3.1858,6.326],[-3.2366,6.5387],[-3.2341,6.5965],[-3.2621,6.6176],[-3.209,6.7316],[-3.2313,6.7767],[-3.22584050315609,6.824545045068447],[-3.2262,6.8246],[-3.1166,7.0059],[-3.0874,6.9775],[-3.0652,6.9395],[-3.0281,6.927],[-2.9887,6.9464],[-2.9401,6.9417],[-2.9053,6.9062],[-2.8375,6.7887],[-2.8659,6.7187],[-2.8521,6.6633],[-2.87088946567467,6.652474281366249],[-2.8037,6.616],[-2.7798,6.5758],[-2.7273,6.5888],[-2.6811,6.572],[-2.6741,6.5054],[-2.7439,6.4843],[-2.6849,6.4935],[-2.6459,6.53],[-2.5274,6.462],[-2.5589,6.4297],[-2.5469,6.4005],[-2.5039,6.4152],[-2.4274,6.3483],[-2.3975,6.3516],[-2.398751835046043,6.341059548912319],[-2.3898,6.3343],[-2.3511,6.3951],[-2.36,6.4772],[-2.3353,6.491],[-2.2626,6.4911],[-2.2399,6.4722],[-2.2154,6.3638],[-2.2271,6.32],[-2.1727,6.3649],[-2.1246,6.3368],[-2.1241,6.3012],[-2.0743,6.2945],[-2.0986,6.2399],[-2.1314,6.2589],[-2.2059,6.198],[-2.189,6.1472],[-2.23,6.1502],[-2.3034,6.0965],[-2.3621,6.1005],[-2.3369,6.1671],[-2.3711,6.0842],[-2.412,6.0879],[-2.445428825819196,6.114881129444574],[-2.5068,6.083],[-2.4893,6.0646],[-2.5589677737757452,5.977847486061266],[-2.5426,5.98],[-2.5151,5.9669],[-2.4972,5.9172]],[[-2.3803149746374395,6.219669280354311],[-2.3846,6.215],[-2.3369,6.1671],[-2.3803149746374395,6.219669280354311]],[[-3.0304504862236628,6.212506807131281],[-3.018,6.2764],[-3.0314,6.2258],[-3.0304504862236628,6.212506807131281]],[[-2.9158068782170927,6.320999558798575],[-2.9193,6.3211],[-2.9208496555537855,6.319088036703438],[-2.9158068782170927,6.320999558798575]],[[-2.8309,6.3175],[-2.829752034004679,6.318525138357962],[-2.8483944128656566,6.31906118120061],[-2.8309,6.3175]],[[-2.7084,6.383],[-2.6786,6.3879],[-2.7113,6.3849],[-2.719903393223085,6.4075654911118525],[-2.7212754445586027,6.389119023156564],[-2.7084,6.383]],[[-2.6869,6.263],[-2.6435,6.2702],[-2.638441687830747,6.281124911334624],[-2.6869,6.263]],[[-2.68610940797622,6.238491647262819],[-2.6812,6.2397],[-2.6805794767179183,6.2393629745752275],[-2.6869,6.263],[-2.68610940797622,6.238491647262819]],[[-2.95,6.071],[-2.909183813492898,6.042223120304345],[-2.9094,6.0447],[-2.95,6.071]],[[-2.9221,6.1097],[-2.922269362266257,6.11006143594753],[-2.95,6.071],[-2.9221,6.1097]],[[-2.94774206074778,6.165948727580288],[-2.9476528918173117,6.165755212029059],[-2.9459239722551187,6.1668777195060045],[-2.94774206074778,6.165948727580288]],[[-2.8903,6.1953],[-2.9135869999999984,6.183401000000001],[-2.882403661971831,6.185799718309859],[-2.8903,6.1953]],[[-2.878208030086727,5.976146738817635],[-2.8768,5.9747],[-2.7498,5.9636],[-2.878208030086727,5.976146738817635]],[[-2.9666,6.1981],[-3.030277344893593,6.210082828510303],[-3.0302,6.209],[-2.964851988430947,6.193149631236443],[-2.9666,6.1981]],[[-3.12,6.4648],[-3.0796469234768318,6.523545295074544],[-3.082,6.5244],[-3.12,6.4648]],[[-3.0137474860269458,6.503958270675217],[-3.0128,6.5025],[-3.0037172757753567,6.5017083864207885],[-3.0137474860269458,6.503958270675217]],[[-2.9332220526943327,6.495564307344919],[-2.9256,6.4949],[-2.9247056007917585,6.512042651491295],[-2.9332220526943327,6.495564307344919]],[[-2.8802181541437433,6.598120687796293],[-2.8746,6.6056],[-2.874534587702859,6.6091177279795845],[-2.8802181541437433,6.598120687796293]],[[-2.8819,6.6458],[-2.8743991699316025,6.616400194789383],[-2.8737591153649324,6.650820907041396],[-2.8821757659867098,6.645971578537458],[-2.8819,6.6458]],[[-3.1611885985367603,6.80697824959413],[-3.1634,6.815],[-3.222899487708693,6.824095463089227],[-3.1611885985367603,6.80697824959413]],[[-3.081078983914646,6.784757643232809],[-3.094,6.7996],[-3.1285784295708967,6.797932921746971],[-3.081078983914646,6.784757643232809]],[[-2.955213751847419,6.749845457104652],[-2.9656,6.7556],[-2.98497538705988,6.758100665719058],[-2.955213751847419,6.749845457104652]],[[-2.9486,6.6873],[-2.9434,6.7433],[-2.948212762175613,6.745966530394596],[-2.9486,6.6873]]]}}]}